<?xml version="1.0"?>
<doc>
    <assembly>
        <name>Microsoft.Azure.WebJobs.Host</name>
    </assembly>
    <members>
        <member name="T:Microsoft.Azure.WebJobs.Host.Protocols.AbortHostInstanceMessage">
            <summary>Represents a request to abort the host instance.</summary>
        </member>
        <member name="T:Microsoft.Azure.WebJobs.Host.Protocols.HostMessage">
            <summary>Represents a message to any instance of a host.</summary>
        </member>
        <member name="P:Microsoft.Azure.WebJobs.Host.Protocols.HostMessage.Type">
            <summary>Gets or set the message type.</summary>
        </member>
        <member name="T:Microsoft.Azure.WebJobs.Host.Protocols.PolymorphicJsonConverter">
            <remarks>
            Unlike $type in JSON.NET, this converter decouples the message data from the .NET class and assembly names.
            It also allows emitting a type on the root object.
            </remarks>
        </member>
        <member name="M:Microsoft.Azure.WebJobs.Host.Protocols.PolymorphicJsonConverter.#ctor(System.Collections.Generic.IDictionary{System.String,System.Type})">
            <summary>Initializes a new instance of the <see cref="T:Microsoft.Azure.WebJobs.Host.Protocols.PolymorphicJsonConverter"/> class.</summary>
            <param name="typeMapping">The type names to use when serializing types.</param>
        </member>
        <member name="M:Microsoft.Azure.WebJobs.Host.Protocols.PolymorphicJsonConverter.#ctor(System.String,System.Collections.Generic.IDictionary{System.String,System.Type})">
            <summary>Initializes a new instance of the <see cref="T:Microsoft.Azure.WebJobs.Host.Protocols.PolymorphicJsonConverter"/> class.</summary>
            <param name="typePropertyName">The name of the property in which to serialize the type name.</param>
            <param name="typeMapping">The type names to use when serializing types.</param>
        </member>
        <member name="M:Microsoft.Azure.WebJobs.Host.Protocols.PolymorphicJsonConverter.CanConvert(System.Type)">
            <inheritdoc />
        </member>
        <member name="M:Microsoft.Azure.WebJobs.Host.Protocols.PolymorphicJsonConverter.ReadJson(Newtonsoft.Json.JsonReader,System.Type,System.Object,Newtonsoft.Json.JsonSerializer)">
            <inheritdoc />
        </member>
        <member name="M:Microsoft.Azure.WebJobs.Host.Protocols.PolymorphicJsonConverter.WriteJson(Newtonsoft.Json.JsonWriter,System.Object,Newtonsoft.Json.JsonSerializer)">
            <inheritdoc />
        </member>
        <member name="M:Microsoft.Azure.WebJobs.Host.Protocols.PolymorphicJsonConverter.GetTypeMapping``1">
            <summary>Gets all type name mappings in a type hierarchy.</summary>
            <typeparam name="T">The root type of the type hierarchy.</typeparam>
            <returns>All type name mappings in the type hierarchy.</returns>
        </member>
        <member name="P:Microsoft.Azure.WebJobs.Host.Protocols.PolymorphicJsonConverter.TypePropertyName">
            <summary>Gets the name of the property in which to serialize the type name.</summary>
        </member>
        <member name="T:Microsoft.Azure.WebJobs.Host.Protocols.BinderParameterDescriptor">
            <summary>Represents a parameter bound to an IBinder.</summary>
        </member>
        <member name="T:Microsoft.Azure.WebJobs.Host.Protocols.ParameterDescriptor">
            <summary>Represents a parameter to an Azure WebJobs SDK function.</summary>
        </member>
        <member name="P:Microsoft.Azure.WebJobs.Host.Protocols.ParameterDescriptor.Type">
            <summary>Gets or sets the parameter type.</summary>
        </member>
        <member name="P:Microsoft.Azure.WebJobs.Host.Protocols.ParameterDescriptor.Name">
            <summary>Gets or sets the parameter name.</summary>
        </member>
        <member name="T:Microsoft.Azure.WebJobs.Host.Protocols.BinderParameterLog">
            <summary>Represents a function parameter log for a runtime binder parameter.</summary>
        </member>
        <member name="T:Microsoft.Azure.WebJobs.Host.Protocols.ParameterLog">
            <summary>Represents a function parameter log.</summary>
        </member>
        <member name="P:Microsoft.Azure.WebJobs.Host.Protocols.ParameterLog.Type">
            <summary>Gets or sets the log type.</summary>
        </member>
        <member name="P:Microsoft.Azure.WebJobs.Host.Protocols.BinderParameterLog.Items">
            <summary>Gets or sets the items bound.</summary>
        </member>
        <member name="T:Microsoft.Azure.WebJobs.Host.Protocols.BinderParameterLogItem">
            <summary>Represents an item bound using a runtime binder parameter.</summary>
        </member>
        <member name="P:Microsoft.Azure.WebJobs.Host.Protocols.BinderParameterLogItem.Descriptor">
            <summary>Gets or sets the parameter descriptor.</summary>
        </member>
        <member name="P:Microsoft.Azure.WebJobs.Host.Protocols.BinderParameterLogItem.Value">
            <summary>Gets or sets the parameter value.</summary>
        </member>
        <member name="P:Microsoft.Azure.WebJobs.Host.Protocols.BinderParameterLogItem.Log">
            <summary>
            Gets or sets the parameter log.
            </summary>
        </member>
        <member name="T:Microsoft.Azure.WebJobs.Host.Protocols.BindingDataParameterDescriptor">
            <summary>Represents a parameter bound to binding data.</summary>
        </member>
        <member name="T:Microsoft.Azure.WebJobs.Host.Protocols.BlobNames">
            <summary>Provides blob names in the protocol.</summary>
        </member>
        <member name="M:Microsoft.Azure.WebJobs.Host.Protocols.BlobNames.GetConflictFreeDateTimeBasedBlobName">
            <summary>
            Generates a blob name based on the current date/time that has no naming collision issue
            </summary>
            <returns>A blob name</returns>
        </member>
        <member name="M:Microsoft.Azure.WebJobs.Host.Protocols.BlobNames.GetConflictFreeDateTimeBasedBlobName(System.DateTimeOffset)">
            <summary>
            Generates a blob name based on a specified date/time that has no naming collision issue
            </summary>
            <param name="timestamp">The timestamp from which the name is generated.</param>
            <returns>A blob name</returns>
        </member>
        <member name="M:Microsoft.Azure.WebJobs.Host.Protocols.BlobNames.CreateDateBasedBlobName(System.DateTimeOffset)">
            <summary>
            Creates a blob name based on a specified date/time
            </summary>
            <param name="timestamp">The timestamp from which the name is generated.</param>
            <returns>A blob name</returns>
        </member>
        <member name="T:Microsoft.Azure.WebJobs.Host.Protocols.BlobParameterDescriptor">
            <summary>Represents a parameter bound to a blob in Azure Storage.</summary>
        </member>
        <member name="P:Microsoft.Azure.WebJobs.Host.Protocols.BlobParameterDescriptor.AccountName">
            <summary>Gets or sets the name of the storage account.</summary>
        </member>
        <member name="P:Microsoft.Azure.WebJobs.Host.Protocols.BlobParameterDescriptor.ContainerName">
            <summary>Gets or sets the name of the container.</summary>
        </member>
        <member name="P:Microsoft.Azure.WebJobs.Host.Protocols.BlobParameterDescriptor.BlobName">
            <summary>Gets or sets the name of the blob.</summary>
        </member>
        <member name="P:Microsoft.Azure.WebJobs.Host.Protocols.BlobParameterDescriptor.Access">
            <summary>Gets or sets the kind of access the parameter has to the blob.</summary>
        </member>
        <member name="T:Microsoft.Azure.WebJobs.Host.Protocols.BlobTriggerParameterDescriptor">
            <summary>Represents a parameter triggered on a blob in Azure Storage.</summary>
        </member>
        <member name="P:Microsoft.Azure.WebJobs.Host.Protocols.BlobTriggerParameterDescriptor.AccountName">
            <summary>Gets or sets the name of the storage account.</summary>
        </member>
        <member name="P:Microsoft.Azure.WebJobs.Host.Protocols.BlobTriggerParameterDescriptor.ContainerName">
            <summary>Gets or sets the name of the container.</summary>
        </member>
        <member name="P:Microsoft.Azure.WebJobs.Host.Protocols.BlobTriggerParameterDescriptor.BlobName">
            <summary>Gets or sets the name of the blob.</summary>
        </member>
        <member name="P:Microsoft.Azure.WebJobs.Host.Protocols.BlobTriggerParameterDescriptor.Access">
            <summary>Gets or sets the kind of access the parameter has to the blob.</summary>
        </member>
        <member name="T:Microsoft.Azure.WebJobs.Host.Protocols.CallAndOverrideMessage">
            <summary>Represents a message to execute a function using override values for all parameters.</summary>
        </member>
        <member name="P:Microsoft.Azure.WebJobs.Host.Protocols.CallAndOverrideMessage.Id">
            <summary>Gets or sets the ID of this request.</summary>
        </member>
        <member name="P:Microsoft.Azure.WebJobs.Host.Protocols.CallAndOverrideMessage.FunctionId">
            <summary>Gets or sets the ID of the function to run.</summary>
        </member>
        <member name="P:Microsoft.Azure.WebJobs.Host.Protocols.CallAndOverrideMessage.Arguments">
            <summary>Gets or sets the arguments to the function.</summary>
        </member>
        <member name="P:Microsoft.Azure.WebJobs.Host.Protocols.CallAndOverrideMessage.Reason">
            <summary>Gets or sets the reason the function executed.</summary>
        </member>
        <member name="P:Microsoft.Azure.WebJobs.Host.Protocols.CallAndOverrideMessage.ParentId">
            <summary>Gets or sets the ID of the parent function, if any.</summary>
        </member>
        <member name="T:Microsoft.Azure.WebJobs.Host.Protocols.CallerSuppliedParameterDescriptor">
            <summary>Represents a parameter bound to a caller-supplied value.</summary>
        </member>
        <member name="T:Microsoft.Azure.WebJobs.Host.Protocols.CancellationTokenParameterDescriptor">
            <summary>Represents a parameter bound to a cancellation token.</summary>
        </member>
        <member name="T:Microsoft.Azure.WebJobs.Host.Protocols.CloudStorageAccountParameterDescriptor">
            <summary>Represents a parameter bound to an Azure Storage account.</summary>
        </member>
        <member name="P:Microsoft.Azure.WebJobs.Host.Protocols.CloudStorageAccountParameterDescriptor.AccountName">
            <summary>Gets or sets the name of the storage account.</summary>
        </member>
        <member name="T:Microsoft.Azure.WebJobs.Host.Protocols.ConsoleOutputParameterDescriptor">
            <summary>Represents a parameter bound to a <see cref="T:System.IO.TextWriter"/> for console ouput.</summary>
        </member>
        <member name="T:Microsoft.Azure.WebJobs.Host.Protocols.ContainerNames">
            <summary>Provides well-known container names in the protocol.</summary>
        </member>
        <member name="F:Microsoft.Azure.WebJobs.Host.Protocols.ContainerNames.HostOutput">
            <summary>The name of the container where protocol messages from the host are stored.</summary>
        </member>
        <member name="F:Microsoft.Azure.WebJobs.Host.Protocols.ContainerNames.HostArchive">
            <summary>
            The name of the container where protocol messages from the host are archived after processing.
            </summary>
        </member>
        <member name="T:Microsoft.Azure.WebJobs.Host.Protocols.ExecutionReason">
            <summary>Defines constants for reasons a function is executed.</summary>
        </member>
        <member name="F:Microsoft.Azure.WebJobs.Host.Protocols.ExecutionReason.AutomaticTrigger">
            <summary>Indicates a function executed because of an automatic trigger.</summary>
        </member>
        <member name="F:Microsoft.Azure.WebJobs.Host.Protocols.ExecutionReason.HostCall">
            <summary>Indicates a function executed because of a programatic host call.</summary>
        </member>
        <member name="F:Microsoft.Azure.WebJobs.Host.Protocols.ExecutionReason.Dashboard">
            <summary>Indicates a function executed because of a request from a dashboard user.</summary>
        </member>
        <member name="T:Microsoft.Azure.WebJobs.Host.Protocols.FunctionCompletedMessage">
            <summary>Represents a message indicating that a function completed execution.</summary>
        </member>
        <member name="T:Microsoft.Azure.WebJobs.Host.Protocols.FunctionStartedMessage">
            <summary>Represents a message indicating that a function started executing.</summary>
        </member>
        <member name="T:Microsoft.Azure.WebJobs.Host.Protocols.HostOutputMessage">
            <summary>Represents a message from a host instance.</summary>
        </member>
        <member name="T:Microsoft.Azure.WebJobs.Host.Protocols.PersistentQueueMessage">
            <summary>Represents a message in a persistent queue.</summary>
        </member>
        <member name="P:Microsoft.Azure.WebJobs.Host.Protocols.PersistentQueueMessage.Type">
            <summary>Gets or sets the message type.</summary>
        </member>
        <member name="P:Microsoft.Azure.WebJobs.Host.Protocols.PersistentQueueMessage.Blob">
            <summary>Gets or sets the blob object.</summary>
        </member>
        <member name="P:Microsoft.Azure.WebJobs.Host.Protocols.PersistentQueueMessage.BlobText">
            <summary>Gets or sets the blob text.</summary>
        </member>
        <member name="P:Microsoft.Azure.WebJobs.Host.Protocols.PersistentQueueMessage.EnqueuedOn">
            <summary>Gets or sets the time the message was enqueued.</summary>
        </member>
        <member name="P:Microsoft.Azure.WebJobs.Host.Protocols.PersistentQueueMessage.PopReceipt">
            <summary>Gets or sets a receipt from dequeuing the message.</summary>
        </member>
        <member name="F:Microsoft.Azure.WebJobs.Host.Protocols.HostOutputMessage.MessageTypeKeyName">
            <summary>The name of the key used to store the message type in metadata.</summary>
        </member>
        <member name="P:Microsoft.Azure.WebJobs.Host.Protocols.HostOutputMessage.HostInstanceId">
            <summary>Gets or sets the host instance ID.</summary>
        </member>
        <member name="P:Microsoft.Azure.WebJobs.Host.Protocols.HostOutputMessage.HostDisplayName">
            <summary>Gets or sets a short, non-unique name for the host suitable for display purposes.</summary>
        </member>
        <member name="P:Microsoft.Azure.WebJobs.Host.Protocols.HostOutputMessage.SharedQueueName">
            <summary>
            Gets or sets the name of the shared queue to which all instances of this host listen, if any.
            </summary>
        </member>
        <member name="P:Microsoft.Azure.WebJobs.Host.Protocols.HostOutputMessage.InstanceQueueName">
            <summary>
            Gets or sets the name of the shared queue to which only this host instance listens, if any.
            </summary>
        </member>
        <member name="P:Microsoft.Azure.WebJobs.Host.Protocols.HostOutputMessage.Heartbeat">
            <summary>Gets or sets the heartbeat for the host instance, if any.</summary>
        </member>
        <member name="P:Microsoft.Azure.WebJobs.Host.Protocols.HostOutputMessage.WebJobRunIdentifier">
            <summary>Gets or sets the ID of the web job under which the function is running, if any.</summary>
        </member>
        <member name="F:Microsoft.Azure.WebJobs.Host.Protocols.FunctionStartedMessage.FunctionInstanceIdKey">
            <summary>The name of the key used to store the function instance ID in metadata.</summary>
        </member>
        <member name="P:Microsoft.Azure.WebJobs.Host.Protocols.FunctionStartedMessage.FunctionInstanceId">
            <summary>Gets or sets the function instance ID.</summary>
        </member>
        <member name="P:Microsoft.Azure.WebJobs.Host.Protocols.FunctionStartedMessage.Function">
            <summary>Gets or sets the function executing.</summary>
        </member>
        <member name="P:Microsoft.Azure.WebJobs.Host.Protocols.FunctionStartedMessage.Arguments">
            <summary>Gets or sets the function's argument values.</summary>
        </member>
        <member name="P:Microsoft.Azure.WebJobs.Host.Protocols.FunctionStartedMessage.ParentId">
            <summary>Gets or sets the ID of the ancestor function instance.</summary>
        </member>
        <member name="P:Microsoft.Azure.WebJobs.Host.Protocols.FunctionStartedMessage.Reason">
            <summary>Gets or sets the reason the function executed.</summary>
        </member>
        <member name="P:Microsoft.Azure.WebJobs.Host.Protocols.FunctionStartedMessage.StartTime">
            <summary>Gets or sets the time the function started executing.</summary>
        </member>
        <member name="P:Microsoft.Azure.WebJobs.Host.Protocols.FunctionStartedMessage.OutputBlob">
            <summary>Gets or sets the path of the blob containing console output from the function.</summary>
        </member>
        <member name="P:Microsoft.Azure.WebJobs.Host.Protocols.FunctionStartedMessage.ParameterLogBlob">
            <summary>Gets or sets the path of the blob containing per-parameter logging data.</summary>
        </member>
        <member name="P:Microsoft.Azure.WebJobs.Host.Protocols.FunctionCompletedMessage.EndTime">
            <summary>Gets or sets the time the function stopped executing.</summary>
        </member>
        <member name="P:Microsoft.Azure.WebJobs.Host.Protocols.FunctionCompletedMessage.Succeeded">
            <summary>Gets a value indicating whether the function completed successfully.</summary>
        </member>
        <member name="P:Microsoft.Azure.WebJobs.Host.Protocols.FunctionCompletedMessage.Failure">
            <summary>Gets or sets the details of the function's failure.</summary>
            <remarks>If the function succeeded, this value is <see langword="null"/>.</remarks>
        </member>
        <member name="P:Microsoft.Azure.WebJobs.Host.Protocols.FunctionCompletedMessage.ParameterLogs">
            <summary>Gets or sets the parameter logs.</summary>
        </member>
        <member name="T:Microsoft.Azure.WebJobs.Host.Protocols.FunctionDescriptor">
            <summary>Represents an Azure WebJobs SDK function.</summary>
        </member>
        <member name="P:Microsoft.Azure.WebJobs.Host.Protocols.FunctionDescriptor.Id">
            <summary>Gets or sets the ID of the function.</summary>
        </member>
        <member name="P:Microsoft.Azure.WebJobs.Host.Protocols.FunctionDescriptor.FullName">
            <summary>Gets or sets the fully qualified name of the function.</summary>
        </member>
        <member name="P:Microsoft.Azure.WebJobs.Host.Protocols.FunctionDescriptor.ShortName">
            <summary>Gets or sets the display name of the function.</summary>
        </member>
        <member name="P:Microsoft.Azure.WebJobs.Host.Protocols.FunctionDescriptor.Parameters">
            <summary>Gets or sets the function's parameters.</summary>
        </member>
        <member name="T:Microsoft.Azure.WebJobs.Host.Protocols.FunctionFailure">
            <summary>Represents a function's execution failure information.</summary>
        </member>
        <member name="P:Microsoft.Azure.WebJobs.Host.Protocols.FunctionFailure.ExceptionType">
            <summary>Gets or sets the name of the type of exception that occurred.</summary>
        </member>
        <member name="P:Microsoft.Azure.WebJobs.Host.Protocols.FunctionFailure.ExceptionDetails">
            <summary>Gets or sets the details of the exception that occurred.</summary>
        </member>
        <member name="T:Microsoft.Azure.WebJobs.Host.Protocols.FunctionStartedMessageExtensions">
            <summary>Provides extension methods for the <see cref="T:Microsoft.Azure.WebJobs.Host.Protocols.FunctionStartedMessage"/> class.</summary>
        </member>
        <member name="M:Microsoft.Azure.WebJobs.Host.Protocols.FunctionStartedMessageExtensions.FormatReason(Microsoft.Azure.WebJobs.Host.Protocols.FunctionStartedMessage)">
            <summary>Format's a function's <see cref="T:Microsoft.Azure.WebJobs.Host.Protocols.ExecutionReason"/> in a display-friendly text format.</summary>
            <param name="message">The function whose reason to format.</param>
            <returns>A function's <see cref="T:Microsoft.Azure.WebJobs.Host.Protocols.ExecutionReason"/> in a display-friendly text format.</returns>
        </member>
        <member name="T:Microsoft.Azure.WebJobs.Host.Protocols.HeartbeatCommand">
            <summary>Represents a command that signals a heartbeat from a running host instance.</summary>
        </member>
        <member name="T:Microsoft.Azure.WebJobs.Host.Protocols.IHeartbeatCommand">
            <summary>Defines a command that signals a heartbeat from a running host instance.</summary>
        </member>
        <member name="M:Microsoft.Azure.WebJobs.Host.Protocols.IHeartbeatCommand.BeatAsync(System.Threading.CancellationToken)">
            <summary>Signals a heartbeat from a running host instance.</summary>
            <param name="cancellationToken">The token to monitor for cancellation requests.</param>
            <returns>A <see cref="T:System.Threading.Tasks.Task"/> that will signal the heartbeat.</returns>
        </member>
        <member name="M:Microsoft.Azure.WebJobs.Host.Protocols.HeartbeatCommand.#ctor(Microsoft.WindowsAzure.Storage.CloudStorageAccount,System.String,System.String)">
            <summary>Initializes a new instance of the <see cref="T:Microsoft.Azure.WebJobs.Host.Protocols.HeartbeatCommand"/> class.</summary>
            <param name="account">The storage account in which to write the heartbeat.</param>
            <param name="containerName">The name of the container in which to write the heartbeat.</param>
            <param name="blobName">The name of the heartbeat blob (including the directory name, if any).</param>
        </member>
        <member name="M:Microsoft.Azure.WebJobs.Host.Protocols.HeartbeatCommand.BeatAsync(System.Threading.CancellationToken)">
            <inheritdoc />
        </member>
        <member name="T:Microsoft.Azure.WebJobs.Host.Protocols.HeartbeatDescriptor">
            <summary>Represents the definition of a host instance heartbeat blob.</summary>
            <remarks>While it is running, the host instance periodically updates the blob's LastModified time.</remarks>
        </member>
        <member name="P:Microsoft.Azure.WebJobs.Host.Protocols.HeartbeatDescriptor.SharedContainerName">
            <summary>Gets or sets the name of the heartbeat container shared by all instances of the host.</summary>
        </member>
        <member name="P:Microsoft.Azure.WebJobs.Host.Protocols.HeartbeatDescriptor.SharedDirectoryName">
            <summary>
            Gets or sets the name of the directory in <see cref="P:Microsoft.Azure.WebJobs.Host.Protocols.HeartbeatDescriptor.SharedContainerName"/> shared by all instances of the
            host.
            </summary>
        </member>
        <member name="P:Microsoft.Azure.WebJobs.Host.Protocols.HeartbeatDescriptor.InstanceBlobName">
            <summary>
            Gets or sets the name of the blob in <see cref="P:Microsoft.Azure.WebJobs.Host.Protocols.HeartbeatDescriptor.SharedDirectoryName"/> mainted by this host instance.
            </summary>
        </member>
        <member name="P:Microsoft.Azure.WebJobs.Host.Protocols.HeartbeatDescriptor.ExpirationInSeconds">
            <summary>
            Gets or sets the number of seconds after the blob's LastModified time during which the heartbeat is still
            valid.
            </summary>
        </member>
        <member name="T:Microsoft.Azure.WebJobs.Host.Protocols.HostStartedMessage">
            <summary>Represents a message indicating that a host instance started.</summary>
        </member>
        <member name="P:Microsoft.Azure.WebJobs.Host.Protocols.HostStartedMessage.Functions">
            <summary>Gets or sets the functions the host instance contains.</summary>
        </member>
        <member name="T:Microsoft.Azure.WebJobs.Host.Protocols.IPersistentQueueWriter`1">
            <summary>Defines a persistent queue writer.</summary>
            <typeparam name="T">The type of messages in the queue.</typeparam>
        </member>
        <member name="M:Microsoft.Azure.WebJobs.Host.Protocols.IPersistentQueueWriter`1.EnqueueAsync(`0,System.Threading.CancellationToken)">
            <summary>Adds a message to the queue.</summary>
            <param name="message">The message to enqueue.</param>
            <param name="cancellationToken">The token to monitor for cancellation requests.</param>
            <returns>A <see cref="T:System.Threading.Tasks.Task"/> that will provide the enqueued message identifier.</returns>
        </member>
        <member name="M:Microsoft.Azure.WebJobs.Host.Protocols.IPersistentQueueWriter`1.DeleteAsync(System.String,System.Threading.CancellationToken)">
            <summary>Deletes a message from the queue.</summary>
            <param name="messageId">The message identifier from the message to delete.</param>
            <param name="cancellationToken">The token to monitor for cancellation requests.</param>
            <returns>A <see cref="T:System.Threading.Tasks.Task"/> that will delete the message from the queue.</returns>
        </member>
        <member name="T:Microsoft.Azure.WebJobs.Host.Protocols.JsonTypeNameAttribute">
            <summary>
            Provides a key to use in place of the .NET type name when deserializing polymophic objects using
            <see cref="T:Microsoft.Azure.WebJobs.Host.Protocols.PolymorphicJsonConverter"/>.
            </summary>
        </member>
        <member name="M:Microsoft.Azure.WebJobs.Host.Protocols.JsonTypeNameAttribute.#ctor(System.String)">
            <summary>Initializes a new instance of the <see cref="T:Microsoft.Azure.WebJobs.Host.Protocols.JsonTypeNameAttribute"/> class.</summary>
            <param name="typeName">The type name to use for serialization.</param>
        </member>
        <member name="P:Microsoft.Azure.WebJobs.Host.Protocols.JsonTypeNameAttribute.TypeName">
            <summary>Gets the type name to use for serialization.</summary>
        </member>
        <member name="T:Microsoft.Azure.WebJobs.Host.Protocols.LocalBlobDescriptor">
            <summary>Represents a blob in the same storage account as the entity that references it.</summary>
        </member>
        <member name="P:Microsoft.Azure.WebJobs.Host.Protocols.LocalBlobDescriptor.ContainerName">
            <summary>Gets or sets the container name.</summary>
        </member>
        <member name="P:Microsoft.Azure.WebJobs.Host.Protocols.LocalBlobDescriptor.BlobName">
            <summary>Gets or sets the blob name.</summary>
        </member>
        <member name="T:Microsoft.Azure.WebJobs.Host.Protocols.NullHeartbeatCommand">
            <summary>Represents a null object implementation of <see cref="T:Microsoft.Azure.WebJobs.Host.Protocols.IHeartbeatCommand"/>.</summary>
        </member>
        <member name="M:Microsoft.Azure.WebJobs.Host.Protocols.NullHeartbeatCommand.BeatAsync(System.Threading.CancellationToken)">
            <inheritdoc />
        </member>
        <member name="T:Microsoft.Azure.WebJobs.Host.Protocols.PersistentQueueWriter`1">
            <summary>Represents a persistent queue writer.</summary>
            <typeparam name="T">The type of messages in the queue.</typeparam>
        </member>
        <member name="M:Microsoft.Azure.WebJobs.Host.Protocols.PersistentQueueWriter`1.#ctor(Microsoft.WindowsAzure.Storage.Blob.CloudBlobClient)">
            <summary>Initializes a new instance of the <see cref="T:Microsoft.Azure.WebJobs.Host.Protocols.PersistentQueueWriter`1"/> class.</summary>
            <param name="client">
            A blob client for the storage account into which host output messages are written.
            </param>
        </member>
        <member name="M:Microsoft.Azure.WebJobs.Host.Protocols.PersistentQueueWriter`1.#ctor(Microsoft.WindowsAzure.Storage.Blob.CloudBlobContainer)">
            <summary>Initializes a new instance of the <see cref="T:Microsoft.Azure.WebJobs.Host.Protocols.PersistentQueueWriter`1"/> class.</summary>
            <param name="container">The container into which host output messages are written.</param>
        </member>
        <member name="M:Microsoft.Azure.WebJobs.Host.Protocols.PersistentQueueWriter`1.EnqueueAsync(`0,System.Threading.CancellationToken)">
            <inheritdoc />
        </member>
        <member name="M:Microsoft.Azure.WebJobs.Host.Protocols.PersistentQueueWriter`1.DeleteAsync(System.String,System.Threading.CancellationToken)">
            <inheritdoc />
        </member>
        <member name="T:Microsoft.Azure.WebJobs.Host.Protocols.QueueParameterDescriptor">
            <summary>Represents a parameter bound to a queue in Azure Storage.</summary>
        </member>
        <member name="P:Microsoft.Azure.WebJobs.Host.Protocols.QueueParameterDescriptor.AccountName">
            <summary>Gets or sets the name of the storage account.</summary>
        </member>
        <member name="P:Microsoft.Azure.WebJobs.Host.Protocols.QueueParameterDescriptor.QueueName">
            <summary>Gets or sets the name of the queue.</summary>
        </member>
        <member name="P:Microsoft.Azure.WebJobs.Host.Protocols.QueueParameterDescriptor.Access">
            <summary>Gets or sets the kind of access the parameter has to the queue.</summary>
        </member>
        <member name="T:Microsoft.Azure.WebJobs.Host.Protocols.QueueTriggerParameterDescriptor">
            <summary>Represents a parameter triggered on a queue in Azure Storage.</summary>
        </member>
        <member name="P:Microsoft.Azure.WebJobs.Host.Protocols.QueueTriggerParameterDescriptor.AccountName">
            <summary>Gets or sets the name of the storage account.</summary>
        </member>
        <member name="P:Microsoft.Azure.WebJobs.Host.Protocols.QueueTriggerParameterDescriptor.QueueName">
            <summary>Gets or sets the name of the queue.</summary>
        </member>
        <member name="T:Microsoft.Azure.WebJobs.Host.Protocols.ReadBlobParameterLog">
            <summary>Represents a function parameter log for a read-only blob parameter.</summary>
        </member>
        <member name="P:Microsoft.Azure.WebJobs.Host.Protocols.ReadBlobParameterLog.BytesRead">
            <summary>Gets or sets the number of bytes read.</summary>
        </member>
        <member name="P:Microsoft.Azure.WebJobs.Host.Protocols.ReadBlobParameterLog.Length">
            <summary>Gets or sets the total number of bytes available to read.</summary>
        </member>
        <member name="P:Microsoft.Azure.WebJobs.Host.Protocols.ReadBlobParameterLog.ElapsedTime">
            <summary>Gets or sets the approximate amount of time spent performing I/O.</summary>
        </member>
        <member name="T:Microsoft.Azure.WebJobs.Host.Protocols.ServiceBusParameterDescriptor">
            <summary>
            Represents a parameter bound to an Azure Service Bus entity.
            </summary>
        </member>
        <member name="P:Microsoft.Azure.WebJobs.Host.Protocols.ServiceBusParameterDescriptor.NamespaceName">
            <summary>Gets or sets the name of the Service Bus namespace.</summary>
        </member>
        <member name="P:Microsoft.Azure.WebJobs.Host.Protocols.ServiceBusParameterDescriptor.QueueOrTopicName">
            <summary>Gets or sets the name of the queue or topic.</summary>
        </member>
        <member name="T:Microsoft.Azure.WebJobs.Host.Protocols.ServiceBusTriggerParameterDescriptor">
            <summary>
            Represents a parameter bound to an Azure Service Bus entity.
            </summary>
        </member>
        <member name="P:Microsoft.Azure.WebJobs.Host.Protocols.ServiceBusTriggerParameterDescriptor.NamespaceName">
            <summary>Gets or sets the name of the Service Bus namespace.</summary>
        </member>
        <member name="P:Microsoft.Azure.WebJobs.Host.Protocols.ServiceBusTriggerParameterDescriptor.QueueName">
            <summary>Gets or sets the name of the queue.</summary>
            <remarks>When binding to a subscription in a topic, returns <see langword="null"/>.</remarks>
        </member>
        <member name="P:Microsoft.Azure.WebJobs.Host.Protocols.ServiceBusTriggerParameterDescriptor.TopicName">
            <summary>Gets or sets the name of the queue.</summary>
            <remarks>When binding to a queue, returns <see langword="null"/>.</remarks>
        </member>
        <member name="P:Microsoft.Azure.WebJobs.Host.Protocols.ServiceBusTriggerParameterDescriptor.SubscriptionName">
            <summary>Gets or sets the name of the subscription in <see cref="P:Microsoft.Azure.WebJobs.Host.Protocols.ServiceBusTriggerParameterDescriptor.TopicName"/>.</summary>
            <remarks>When binding to a queue, returns <see langword="null"/>.</remarks>
        </member>
        <member name="T:Microsoft.Azure.WebJobs.Host.Protocols.TableEntityParameterDescriptor">
            <summary>Represents a parameter bound to a table entity in Azure Storage.</summary>
        </member>
        <member name="P:Microsoft.Azure.WebJobs.Host.Protocols.TableEntityParameterDescriptor.AccountName">
            <summary>Gets or sets the name of the storage account.</summary>
        </member>
        <member name="P:Microsoft.Azure.WebJobs.Host.Protocols.TableEntityParameterDescriptor.TableName">
            <summary>Gets or sets the name of the table.</summary>
        </member>
        <member name="P:Microsoft.Azure.WebJobs.Host.Protocols.TableEntityParameterDescriptor.PartitionKey">
            <summary>Gets or sets the partition key of the entity.</summary>
        </member>
        <member name="P:Microsoft.Azure.WebJobs.Host.Protocols.TableEntityParameterDescriptor.RowKey">
            <summary>Gets or sets the row key of the entity.</summary>
        </member>
        <member name="T:Microsoft.Azure.WebJobs.Host.Protocols.TableParameterDescriptor">
            <summary>Represents a parameter bound to a table in Azure Storage.</summary>
        </member>
        <member name="P:Microsoft.Azure.WebJobs.Host.Protocols.TableParameterDescriptor.AccountName">
            <summary>Gets or sets the name of the storage account.</summary>
        </member>
        <member name="P:Microsoft.Azure.WebJobs.Host.Protocols.TableParameterDescriptor.TableName">
            <summary>Gets or sets the name of the table.</summary>
        </member>
        <member name="P:Microsoft.Azure.WebJobs.Host.Protocols.TableParameterDescriptor.Access">
            <summary>Gets or sets the kind of access the parameter has to the table.</summary>
        </member>
        <member name="T:Microsoft.Azure.WebJobs.Host.Protocols.TableParameterLog">
            <summary>Represents a function parameter log for a table parameter.</summary>
        </member>
        <member name="P:Microsoft.Azure.WebJobs.Host.Protocols.TableParameterLog.EntitiesUpdated">
            <summary>Gets or sets the number of entities updated.</summary>
        </member>
        <member name="T:Microsoft.Azure.WebJobs.Host.Protocols.TextParameterLog">
            <summary>Represents a function parameter log stored as text.</summary>
        </member>
        <member name="P:Microsoft.Azure.WebJobs.Host.Protocols.TextParameterLog.Value">
            <summary>Gets or sets the log contents.</summary>
        </member>
        <member name="T:Microsoft.Azure.WebJobs.Host.Protocols.WebJobRunIdentifier">
            <summary>Represents an identifier for a WebJob.</summary>
        </member>
        <member name="M:Microsoft.Azure.WebJobs.Host.Protocols.WebJobRunIdentifier.#ctor">
            <summary>Initializes a new instance of the <see cref="T:Microsoft.Azure.WebJobs.Host.Protocols.WebJobRunIdentifier"/> class.</summary>
            <remarks>This constructor is only intended for serialization support.</remarks>
        </member>
        <member name="M:Microsoft.Azure.WebJobs.Host.Protocols.WebJobRunIdentifier.#ctor(Microsoft.Azure.WebJobs.Host.Protocols.WebJobTypes,System.String,System.String)">
            <summary>
            Initializes a new instance of the <see cref="T:Microsoft.Azure.WebJobs.Host.Protocols.WebJobRunIdentifier"/> class with the values provided.
            </summary>
            <param name="jobType">The job type.</param>
            <param name="jobName">The job name.</param>
            <param name="runId">The job run ID.</param>
        </member>
        <member name="M:Microsoft.Azure.WebJobs.Host.Protocols.WebJobRunIdentifier.#ctor(System.String,Microsoft.Azure.WebJobs.Host.Protocols.WebJobTypes,System.String,System.String)">
            <summary>
            Initializes a new instance of the <see cref="T:Microsoft.Azure.WebJobs.Host.Protocols.WebJobRunIdentifier"/> class with the values provided.
            </summary>
            <param name="websiteName">The website name.</param>
            <param name="jobType">The job type.</param>
            <param name="jobName">The job name.</param>
            <param name="runId">The job run ID.</param>
        </member>
        <member name="M:Microsoft.Azure.WebJobs.Host.Protocols.WebJobRunIdentifier.GetKey">
            <summary>Gets a key containing the full web job identifier.</summary>
            <returns>A key containing the full web job identifier.</returns>
        </member>
        <member name="P:Microsoft.Azure.WebJobs.Host.Protocols.WebJobRunIdentifier.WebSiteName">
            <summary>Gets or sets the website name.</summary>
        </member>
        <member name="P:Microsoft.Azure.WebJobs.Host.Protocols.WebJobRunIdentifier.JobType">
            <summary>Gets or sets the WebJob type.</summary>
        </member>
        <member name="P:Microsoft.Azure.WebJobs.Host.Protocols.WebJobRunIdentifier.JobName">
            <summary>Gets or sets the job name.</summary>
        </member>
        <member name="P:Microsoft.Azure.WebJobs.Host.Protocols.WebJobRunIdentifier.RunId">
            <summary>Gets or sets the job run ID.</summary>
        </member>
        <member name="P:Microsoft.Azure.WebJobs.Host.Protocols.WebJobRunIdentifier.Current">
            <summary>Gets an identifier for the current web job run, if any.</summary>
        </member>
        <member name="T:Microsoft.Azure.WebJobs.Host.Protocols.WebJobTypes">
            <summary>Represents the WebJob type.</summary>
        </member>
        <member name="F:Microsoft.Azure.WebJobs.Host.Protocols.WebJobTypes.Triggered">
            <summary>The WebJob runs when triggered.</summary>
        </member>
        <member name="F:Microsoft.Azure.WebJobs.Host.Protocols.WebJobTypes.Continuous">
            <summary>The WebJob runs continuously.</summary>
        </member>
        <member name="T:Microsoft.Azure.WebJobs.Host.Protocols.WebSitesKnownKeyNames">
            <summary>Defines well-known environment variable names for Azure Web Sites data.</summary>
        </member>
        <member name="F:Microsoft.Azure.WebJobs.Host.Protocols.WebSitesKnownKeyNames.WebSiteNameKey">
            <summary>An environment variable containing the Web Site name.</summary>
        </member>
        <member name="F:Microsoft.Azure.WebJobs.Host.Protocols.WebSitesKnownKeyNames.JobDataPath">
            <summary>An environment variable containing the path to WebJobs data.</summary>
        </member>
        <member name="F:Microsoft.Azure.WebJobs.Host.Protocols.WebSitesKnownKeyNames.JobNameKey">
            <summary>An environment variable containing the WebJobs name.</summary>
        </member>
        <member name="F:Microsoft.Azure.WebJobs.Host.Protocols.WebSitesKnownKeyNames.JobTypeKey">
            <summary>An environment variable containing the WebJobs type.</summary>
        </member>
        <member name="F:Microsoft.Azure.WebJobs.Host.Protocols.WebSitesKnownKeyNames.JobRunIdKey">
            <summary>An environment variable containing the WebJobs run ID.</summary>
        </member>
        <member name="T:Microsoft.Azure.WebJobs.Host.Protocols.WriteBlobParameterLog">
            <summary>Represents a function parameter log for a write-only blob parameter.</summary>
        </member>
        <member name="P:Microsoft.Azure.WebJobs.Host.Protocols.WriteBlobParameterLog.WasWritten">
            <summary>Gets or sets a value indicating whether the blob was written at all.</summary>
        </member>
        <member name="P:Microsoft.Azure.WebJobs.Host.Protocols.WriteBlobParameterLog.BytesWritten">
            <summary>When the blob was written, gets or sets the number of bytes written.</summary>
        </member>
        <member name="M:Microsoft.Azure.WebJobs.Host.Storage.ICloudStorageAccount.CreateCloudQueueClient">
            <summary>Creates a queue client.</summary>
            <returns>A queue client.</returns>
        </member>
        <member name="M:Microsoft.Azure.WebJobs.Host.Storage.ICloudStorageAccount.CreateCloudTableClient">
            <summary>
            Creates a table client.</summary>
            <returns>A table client.</returns>
        </member>
        <member name="T:Microsoft.Azure.WebJobs.Host.Storage.Queue.ICloudQueue">
            <summary>Defines a queue.</summary>
        </member>
        <member name="M:Microsoft.Azure.WebJobs.Host.Storage.Queue.ICloudQueue.AddMessage(Microsoft.WindowsAzure.Storage.Queue.CloudQueueMessage)">
            <summary>Adds a message to the queue.</summary>
            <param name="message">The message to enqueue.</param>
        </member>
        <member name="M:Microsoft.Azure.WebJobs.Host.Storage.Queue.ICloudQueue.CreateIfNotExists">
            <summary>Creates the queue if it does not already exist.</summary>
        </member>
        <member name="T:Microsoft.Azure.WebJobs.Host.Storage.Queue.ICloudQueueClient">
            <summary>Defines a queue client.</summary>
        </member>
        <member name="M:Microsoft.Azure.WebJobs.Host.Storage.Queue.ICloudQueueClient.GetQueueReference(System.String)">
            <summary>Gets a queue reference.</summary>
            <param name="queueName">The queue name.</param>
            <returns>A queue reference.</returns>
        </member>
        <member name="T:Microsoft.Azure.WebJobs.Host.Storage.SdkCloudStorageAccount">
            <summary>Represents a cloud storage account.</summary>
        </member>
        <member name="M:Microsoft.Azure.WebJobs.Host.Storage.SdkCloudStorageAccount.#ctor(Microsoft.WindowsAzure.Storage.CloudStorageAccount)">
            <summary>Initializes a new instance of the <see cref="T:Microsoft.Azure.WebJobs.Host.Storage.SdkCloudStorageAccount"/> class.</summary>
            <param name="sdkAccount">The underlying SDK cloud storage account.</param>
        </member>
        <member name="M:Microsoft.Azure.WebJobs.Host.Storage.SdkCloudStorageAccount.CreateCloudQueueClient">
            <inheritdoc />
        </member>
        <member name="M:Microsoft.Azure.WebJobs.Host.Storage.SdkCloudStorageAccount.CreateCloudTableClient">
            <inheritdoc />
        </member>
        <member name="T:Microsoft.Azure.WebJobs.Host.Storage.Table.ICloudTableClient">
            <summary>Defines a table client.</summary>
        </member>
        <member name="M:Microsoft.Azure.WebJobs.Host.Storage.Table.ICloudTableClient.GetTableReference(System.String)">
            <summary>Gets a table reference.</summary>
            <param name="tableName">The table name.</param>
            <returns>A table reference.</returns>
        </member>
        <member name="T:Microsoft.Azure.WebJobs.Host.Storage.Table.ICloudTable">
            <summary>Defines a table.</summary>
        </member>
        <member name="M:Microsoft.Azure.WebJobs.Host.Storage.Table.ICloudTable.Insert(Microsoft.WindowsAzure.Storage.Table.ITableEntity)">
            <summary>Inserts an entity into the table.</summary>
            <param name="entity">The entity to insert.</param>
        </member>
        <member name="M:Microsoft.Azure.WebJobs.Host.Storage.Table.ICloudTable.Query``1(System.Nullable{System.Int32},Microsoft.Azure.WebJobs.Host.Storage.Table.IQueryModifier[])">
            <summary>Queries the table.</summary>
            <typeparam name="TElement">The type of entities to query.</typeparam>
            <param name="limit">The maximum number of rows to retrieve, if any.</param>
            <param name="queryModifiers">The query modifiers.</param>
            <returns>The matching entities.</returns>
        </member>
        <member name="M:Microsoft.Azure.WebJobs.Host.Storage.Table.ICloudTable.GetOrInsert``1(``0)">
            <summary>Gets an existing entity or inserts a new entity into the table.</summary>
            <typeparam name="TElement">The type of the entity.</typeparam>
            <param name="entity">The entity to insert, if no existing entity exists.</param>
            <returns>The existing entity found on the new entity inserted.</returns>
        </member>
        <member name="T:Microsoft.Azure.WebJobs.Host.Storage.StorageExceptionExtensions">
            <summary>Provides extension methods for the <see cref="T:Microsoft.WindowsAzure.Storage.StorageException"/> class.</summary>
        </member>
        <member name="M:Microsoft.Azure.WebJobs.Host.Storage.StorageExceptionExtensions.IsBadRequestPopReceiptMismatch(Microsoft.WindowsAzure.Storage.StorageException)">
            <summary>
            Determines whether the exception is due to a 400 Bad Request error with the error code PopReceiptMismatch.
            </summary>
            <param name="exception">The storage exception.</param>
            <returns>
            <see langword="true"/> if the exception is due to a 400 Bad Request error with the error code
            PopReceiptMismatch; otherwise <see langword="false"/>.
            </returns>
        </member>
        <member name="M:Microsoft.Azure.WebJobs.Host.Storage.StorageExceptionExtensions.IsConflict(Microsoft.WindowsAzure.Storage.StorageException)">
            <summary>Determines whether the exception is due to a 409 Conflict error.</summary>
            <param name="exception">The storage exception.</param>
            <returns>
            <see langword="true"/> if the exception is due to a 409 Conflict error; otherwise <see langword="false"/>.
            </returns>
        </member>
        <member name="M:Microsoft.Azure.WebJobs.Host.Storage.StorageExceptionExtensions.IsConflictBlobAlreadyExists(Microsoft.WindowsAzure.Storage.StorageException)">
            <summary>
            Determines whether the exception is due to a 409 Conflict error with the error code BlobAlreadyExists.
            </summary>
            <param name="exception">The storage exception.</param>
            <returns>
            <see langword="true"/> if the exception is due to a 409 Conflict error with the error code
            BlobAlreadyExists; otherwise <see langword="false"/>.
            </returns>
        </member>
        <member name="M:Microsoft.Azure.WebJobs.Host.Storage.StorageExceptionExtensions.IsConflictLeaseAlreadyPresent(Microsoft.WindowsAzure.Storage.StorageException)">
            <summary>
            Determines whether the exception is due to a 409 Conflict error with the error code LeaseAlreadyPresent.
            </summary>
            <param name="exception">The storage exception.</param>
            <returns>
            <see langword="true"/> if the exception is due to a 409 Conflict error with the error code
            LeaseAlreadyPresent; otherwise <see langword="false"/>.
            </returns>
        </member>
        <member name="M:Microsoft.Azure.WebJobs.Host.Storage.StorageExceptionExtensions.IsConflictLeaseIdMismatchWithLeaseOperation(Microsoft.WindowsAzure.Storage.StorageException)">
            <summary>
            Determines whether the exception is due to a 409 Conflict error with the error code
            LeaseIdMismatchWithLeaseOperation.
            </summary>
            <param name="exception">The storage exception.</param>
            <returns>
            <see langword="true"/> if the exception is due to a 409 Conflict error with the error code
            LeaseIdMismatchWithLeaseOperation; otherwise <see langword="false"/>.
            </returns>
        </member>
        <member name="M:Microsoft.Azure.WebJobs.Host.Storage.StorageExceptionExtensions.IsConflictQueueBeingDeleted(Microsoft.WindowsAzure.Storage.StorageException)">
            <summary>
            Determines whether the exception is due to a 409 Conflict error with the error code QueueBeingDeleted.
            </summary>
            <param name="exception">The storage exception.</param>
            <returns>
            <see langword="true"/> if the exception is due to a 409 Conflict error with the error code
            QueueBeingDeleted; otherwise <see langword="false"/>.
            </returns>
        </member>
        <member name="M:Microsoft.Azure.WebJobs.Host.Storage.StorageExceptionExtensions.IsConflictQueueBeingDeletedOrDisabled(Microsoft.WindowsAzure.Storage.StorageException)">
            <summary>
            Determines whether the exception is due to a 409 Conflict error with the error code QueueBeingDeleted or
            QueueDisabled.
            </summary>
            <param name="exception">The storage exception.</param>
            <returns>
            <see langword="true"/> if the exception is due to a 409 Conflict error with the error code QueueBeingDeleted
            or QueueDisabled; otherwise <see langword="false"/>.
            </returns>
        </member>
        <member name="M:Microsoft.Azure.WebJobs.Host.Storage.StorageExceptionExtensions.IsConflictQueueDisabled(Microsoft.WindowsAzure.Storage.StorageException)">
            <summary>
            Determines whether the exception is due to a 409 Conflict error with the error code QueueDisabled.
            </summary>
            <param name="exception">The storage exception.</param>
            <returns>
            <see langword="true"/> if the exception is due to a 409 Conflict error with the error code QueueDisabled;
            otherwise <see langword="false"/>.
            </returns>
        </member>
        <member name="M:Microsoft.Azure.WebJobs.Host.Storage.StorageExceptionExtensions.IsNotFound(Microsoft.WindowsAzure.Storage.StorageException)">
            <summary>Determines whether the exception is due to a 404 Not Found error.</summary>
            <param name="exception">The storage exception.</param>
            <returns>
            <see langword="true"/> if the exception is due to a 404 Not Found error; otherwise <see langword="false"/>.
            </returns>
        </member>
        <member name="M:Microsoft.Azure.WebJobs.Host.Storage.StorageExceptionExtensions.IsNotFoundBlobNotFound(Microsoft.WindowsAzure.Storage.StorageException)">
            <summary>
            Determines whether the exception is due to a 404 Not Found error with the error code BlobNotFound.
            </summary>
            <param name="exception">The storage exception.</param>
            <returns>
            <see langword="true"/> if the exception is due to a 404 Not Found error with the error code BlobNotFound;
            otherwise <see langword="false"/>.
            </returns>
        </member>
        <member name="M:Microsoft.Azure.WebJobs.Host.Storage.StorageExceptionExtensions.IsNotFoundContainerNotFound(Microsoft.WindowsAzure.Storage.StorageException)">
            <summary>
            Determines whether the exception is due to a 404 Not Found error with the error code ContainerNotFound.
            </summary>
            <param name="exception">The storage exception.</param>
            <returns>
            <see langword="true"/> if the exception is due to a 404 Not Found error with the error code
            ContainerNotFound; otherwise <see langword="false"/>.
            </returns>
        </member>
        <member name="M:Microsoft.Azure.WebJobs.Host.Storage.StorageExceptionExtensions.IsNotFoundBlobOrContainerNotFound(Microsoft.WindowsAzure.Storage.StorageException)">
            <summary>
            Determines whether the exception is due to a 404 Not Found error with the error code BlobNotFound or
            ContainerNotFound.
            </summary>
            <param name="exception">The storage exception.</param>
            <returns>
            <see langword="true"/> if the exception is due to a 404 Not Found error with the error code BlobNotFound or
            ContainerNotFound; otherwise <see langword="false"/>.
            </returns>
        </member>
        <member name="M:Microsoft.Azure.WebJobs.Host.Storage.StorageExceptionExtensions.IsNotFoundMessageOrQueueNotFound(Microsoft.WindowsAzure.Storage.StorageException)">
            <summary>
            Determines whether the exception is due to a 404 Not Found error with the error code MessageNotFound or
            QueueNotFound.
            </summary>
            <param name="exception">The storage exception.</param>
            <returns>
            <see langword="true"/> if the exception is due to a 404 Not Found error with the error code MessageNotFound
            or QueueNotFound; otherwise <see langword="false"/>.
            </returns>
        </member>
        <member name="M:Microsoft.Azure.WebJobs.Host.Storage.StorageExceptionExtensions.IsNotFoundMessageNotFound(Microsoft.WindowsAzure.Storage.StorageException)">
            <summary>
            Determines whether the exception is due to a 404 Not Found error with the error code MessageNotFound.
            </summary>
            <param name="exception">The storage exception.</param>
            <returns>
            <see langword="true"/> if the exception is due to a 404 Not Found error with the error code MessageNotFound;
            otherwise <see langword="false"/>.
            </returns>
        </member>
        <member name="M:Microsoft.Azure.WebJobs.Host.Storage.StorageExceptionExtensions.IsNotFoundQueueNotFound(Microsoft.WindowsAzure.Storage.StorageException)">
            <summary>
            Determines whether the exception is due to a 404 Not Found error with the error code QueueNotFound.
            </summary>
            <param name="exception">The storage exception.</param>
            <returns>
            <see langword="true"/> if the exception is due to a 404 Not Found error with the error code QueueNotFound;
            otherwise <see langword="false"/>.
            </returns>
        </member>
        <member name="M:Microsoft.Azure.WebJobs.Host.Storage.StorageExceptionExtensions.IsOk(Microsoft.WindowsAzure.Storage.StorageException)">
            <summary>Determines whether the exception occurred despite a 200 OK response.</summary>
            <param name="exception">The storage exception.</param>
            <returns>
            <see langword="true"/> if the exception occurred despite a 200 OK response; otherwise
            <see langword="false"/>.
            </returns>
        </member>
        <member name="M:Microsoft.Azure.WebJobs.Host.Storage.StorageExceptionExtensions.IsPreconditionFailed(Microsoft.WindowsAzure.Storage.StorageException)">
            <summary>Determines whether the exception is due to a 412 Precondition Failed error.</summary>
            <param name="exception">The storage exception.</param>
            <returns>
            <see langword="true"/> if the exception is due to a 412 Precondition Failed error; otherwise
            <see langword="false"/>.
            </returns>
        </member>
        <member name="M:Microsoft.Azure.WebJobs.Host.Storage.StorageExceptionExtensions.IsPreconditionFailedConditionNotMet(Microsoft.WindowsAzure.Storage.StorageException)">
            <summary>
            Determines whether the exception is due to a 412 Precondition Failed error with the error code
            ConditionNotMet.
            </summary>
            <param name="exception">The storage exception.</param>
            <returns>
            <see langword="true"/> if the exception is due to a 412 Precondition Failed error with the error code
            ConditionNotMet; otherwise <see langword="false"/>.
            </returns>
        </member>
        <member name="M:Microsoft.Azure.WebJobs.Host.Storage.StorageExceptionExtensions.IsPreconditionFailedLeaseIdMissing(Microsoft.WindowsAzure.Storage.StorageException)">
            <summary>
            Determines whether the exception is due to a 412 Precondition Failed error with the error code
            LeaseIdMissing.
            </summary>
            <param name="exception">The storage exception.</param>
            <returns>
            <see langword="true"/> if the exception is due to a 412 Precondition Failed error with the error code
            LeaseIdMissing; otherwise <see langword="false"/>.
            </returns>
        </member>
        <member name="M:Microsoft.Azure.WebJobs.Host.Storage.StorageExceptionExtensions.IsPreconditionFailedLeaseLost(Microsoft.WindowsAzure.Storage.StorageException)">
            <summary>
            Determines whether the exception is due to a 412 Precondition Failed error with the error code LeaseLost.
            </summary>
            <param name="exception">The storage exception.</param>
            <returns>
            <see langword="true"/> if the exception is due to a 412 Precondition Failed error with the error code
            LeaseLost; otherwise <see langword="false"/>.
            </returns>
        </member>
        <member name="T:Microsoft.Azure.WebJobs.Host.Storage.Table.CloudTableExtensions">
            <summary>Provides extension methods for <see cref="T:Microsoft.Azure.WebJobs.Host.Storage.Table.ICloudTable"/>.</summary>
        </member>
        <member name="M:Microsoft.Azure.WebJobs.Host.Storage.Table.CloudTableExtensions.QueryByRowKeyPrefix``1(Microsoft.Azure.WebJobs.Host.Storage.Table.ICloudTable,System.String,System.String)">
            <summary>Queries the table by a row key prefix.</summary>
            <typeparam name="TElement">The type of entities to query.</typeparam>
            <param name="table">The table to query.</param>
            <param name="partitionKey">The partition key by which to filter.</param>
            <param name="rowKeyPrefix">The row key prefix by which to filter.</param>
            <returns>The matching entities.</returns>
        </member>
        <member name="M:Microsoft.Azure.WebJobs.Host.Storage.Table.CloudTableExtensions.QueryByRowKeyPrefix``1(Microsoft.Azure.WebJobs.Host.Storage.Table.ICloudTable,System.String,System.String,Microsoft.WindowsAzure.Storage.Table.EntityResolver{``0})">
            <summary>Queries the table by a row key prefix.</summary>
            <typeparam name="TElement">The type of entities to query.</typeparam>
            <param name="table">The table to query.</param>
            <param name="partitionKey">The partition key by which to filter.</param>
            <param name="rowKeyPrefix">The row key prefix by which to filter.</param>
            <param name="resolver">The entity resolver to use to resolve entities.</param>
            <returns>The matching entities.</returns>
        </member>
        <member name="T:Microsoft.Azure.WebJobs.Host.Storage.Table.IQueryModifier">
            <summary>Defines a query modifier.</summary>
        </member>
        <member name="M:Microsoft.Azure.WebJobs.Host.Storage.Table.IQueryModifier.Apply``1(System.Linq.IQueryable{``0})">
            <summary>Applies a query modifier to a query.</summary>
            <typeparam name="T">The type of entities in the query.</typeparam>
            <param name="queryable">The queryable to which to apply the modifier.</param>
            <returns>The queryable with the modifier applied.</returns>
        </member>
        <member name="T:Microsoft.Azure.WebJobs.Host.Storage.Table.PartitionKeyEqualsQueryModifier">
            <summary>Represents a query modifier that filters by partition key.</summary>
        </member>
        <member name="M:Microsoft.Azure.WebJobs.Host.Storage.Table.PartitionKeyEqualsQueryModifier.#ctor(System.String)">
            <summary>Initializes a new instance of the <see cref="T:Microsoft.Azure.WebJobs.Host.Storage.Table.PartitionKeyEqualsQueryModifier"/> class.</summary>
            <param name="partitionKey">The partition key by which to filter.</param>
        </member>
        <member name="M:Microsoft.Azure.WebJobs.Host.Storage.Table.PartitionKeyEqualsQueryModifier.Apply``1(System.Linq.IQueryable{``0})">
            <inheritdoc />
        </member>
        <member name="T:Microsoft.Azure.WebJobs.Host.Storage.Table.ResolverQueryModifier`1">
            <summary>Represents a query modifier that adds an entity resolver.</summary>
            <typeparam name="TResult">The type of the resolved entities.</typeparam>
        </member>
        <member name="M:Microsoft.Azure.WebJobs.Host.Storage.Table.ResolverQueryModifier`1.#ctor(Microsoft.WindowsAzure.Storage.Table.EntityResolver{`0})">
            <summary>Initializes a new instance of the <see cref="T:Microsoft.Azure.WebJobs.Host.Storage.Table.ResolverQueryModifier`1"/> class.</summary>
            <param name="entityResolver">The entity resolver to use to resolve entities.</param>
        </member>
        <member name="M:Microsoft.Azure.WebJobs.Host.Storage.Table.ResolverQueryModifier`1.Apply``1(System.Linq.IQueryable{``0})">
            <inheritdoc />
        </member>
        <member name="T:Microsoft.Azure.WebJobs.Host.Storage.Table.RowKeyGreaterThanOrEqualQueryModifier">
            <summary>Represents a query modifier that filters by row keys greater than or equal to a value.</summary>
        </member>
        <member name="M:Microsoft.Azure.WebJobs.Host.Storage.Table.RowKeyGreaterThanOrEqualQueryModifier.#ctor(System.String)">
            <summary>
            Initializes a new instance of the <see cref="T:Microsoft.Azure.WebJobs.Host.Storage.Table.RowKeyGreaterThanOrEqualQueryModifier"/> class.
            </summary>
            <param name="rowKeyInclusiveLowerBound">The inclusive lower bound for the row key.</param>
        </member>
        <member name="M:Microsoft.Azure.WebJobs.Host.Storage.Table.RowKeyGreaterThanOrEqualQueryModifier.Apply``1(System.Linq.IQueryable{``0})">
            <inheritdoc />
        </member>
        <member name="T:Microsoft.Azure.WebJobs.Host.Storage.Table.RowKeyGreaterThanQueryModifier">
            <summary>Represents a query modifier that filters by row keys greater than a value.</summary>
        </member>
        <member name="M:Microsoft.Azure.WebJobs.Host.Storage.Table.RowKeyGreaterThanQueryModifier.#ctor(System.String)">
            <summary>Initializes a new instance of the <see cref="T:Microsoft.Azure.WebJobs.Host.Storage.Table.RowKeyGreaterThanQueryModifier"/> class.</summary>
            <param name="rowKeyExclusiveLowerBound">The exclusive lower bound for the row key.</param>
        </member>
        <member name="M:Microsoft.Azure.WebJobs.Host.Storage.Table.RowKeyGreaterThanQueryModifier.Apply``1(System.Linq.IQueryable{``0})">
            <inheritdoc />
        </member>
        <member name="T:Microsoft.Azure.WebJobs.Host.Storage.Table.RowKeyLessThanQueryModifier">
            <summary>Represents a query modifier that filters by row keys less than a value.</summary>
        </member>
        <member name="M:Microsoft.Azure.WebJobs.Host.Storage.Table.RowKeyLessThanQueryModifier.#ctor(System.String)">
            <summary>Initializes a new instance of the <see cref="T:Microsoft.Azure.WebJobs.Host.Storage.Table.RowKeyLessThanQueryModifier"/> class.</summary>
            <param name="rowKeyExclusiveUpperBound">The exclusive upper bound for the row key.</param>
        </member>
        <member name="M:Microsoft.Azure.WebJobs.Host.Storage.Table.RowKeyLessThanQueryModifier.Apply``1(System.Linq.IQueryable{``0})">
            <inheritdoc />
        </member>
        <member name="M:Microsoft.Azure.WebJobs.Host.Bindings.BindingDataPath.ConvertParameterValueToString(System.Object)">
            <summary>
            Convert a parameter value of supported type into path compatible string value.
            List of supported types is limited to built-in signed/unsigned integer types, 
            strings, and Guid. The latter one is translated in canonical form without curly braces.
            </summary>
            <param name="parameterValue">Any parameter value</param>
            <returns>Path compatible string representation of the given parameter or null if its type is not supported.</returns>
        </member>
        <member name="T:Microsoft.Azure.WebJobs.ConnectionStringNames">
            <summary>Defines connection string names used by <see cref="T:Microsoft.Azure.WebJobs.Host.Executors.IConnectionStringProvider"/>.</summary>
        </member>
        <member name="F:Microsoft.Azure.WebJobs.ConnectionStringNames.Dashboard">
            <summary>Gets the dashboard connection string name.</summary>
        </member>
        <member name="F:Microsoft.Azure.WebJobs.ConnectionStringNames.Storage">
            <summary>Gets the Azure Storage connection string name.</summary>
        </member>
        <member name="F:Microsoft.Azure.WebJobs.ConnectionStringNames.ServiceBus">
            <summary>Gets the Azure Service Bus connection string name.</summary>
        </member>
        <member name="T:Microsoft.Azure.WebJobs.Host.JobHostQueuesConfiguration">
            <summary>Represents configuration for <see cref="T:Microsoft.Azure.WebJobs.QueueTriggerAttribute"/>.</summary>
        </member>
        <member name="M:Microsoft.Azure.WebJobs.Host.JobHostQueuesConfiguration.#ctor">
            <summary>Initializes a new instance of the <see cref="T:Microsoft.Azure.WebJobs.Host.JobHostQueuesConfiguration"/> class.</summary>
        </member>
        <member name="P:Microsoft.Azure.WebJobs.Host.JobHostQueuesConfiguration.BatchSize">
            <summary>
            Gets or sets the number of queue messages to retrieve and process in parallel (per job method).
            </summary>
        </member>
        <member name="P:Microsoft.Azure.WebJobs.Host.JobHostQueuesConfiguration.MaxPollingInterval">
            <summary>
            Gets or sets the longest period of time to wait before checking for a message to arrive when a queue remains
            empty.
            </summary>
        </member>
        <member name="P:Microsoft.Azure.WebJobs.Host.JobHostQueuesConfiguration.MaxDequeueCount">
            <summary>
            Gets or sets the number of times to try processing a message before moving it to the poison queue (where
            possible).
            </summary>
            <remarks>
            Some queues do not have corresponding poison queues, and this property does not apply to them. Specifically,
            there are no corresponding poison queues for any queue whose name already ends in "-poison" or any queue
            whose name is already too long to add a "-poison" suffix.
            </remarks>
        </member>
        <member name="T:Microsoft.Azure.WebJobs.Host.Timers.IRecurrentCommand">
            <summary>Defines a recurring command that may fail gracefully.</summary>
        </member>
        <member name="M:Microsoft.Azure.WebJobs.Host.Timers.IRecurrentCommand.TryExecuteAsync(System.Threading.CancellationToken)">
            <summary>Attempts to execute the command.</summary>
            <param name="cancellationToken">The token to monitor for cancellation requests.</param>
            <returns>
            A <see cref="T:System.Threading.Tasks.Task"/> that will execute the command. The task's result is <see langword="false"/> if the
            command fails gracefully; otherwise <see langword="true"/>.
            </returns>
            <remarks>
            The task completes successfully with a <see langword="false"/> result rather than faulting to indicate a
            graceful failure.
            </remarks>
        </member>
        <member name="T:Microsoft.Azure.WebJobs.Host.Queues.BindableQueuePath">
            <summary>
            Utility class with factory method to create an instance of a strategy class implementing <see cref="T:Microsoft.Azure.WebJobs.Host.Queues.IBindableQueuePath"/> interface.
            </summary>
        </member>
        <member name="M:Microsoft.Azure.WebJobs.Host.Queues.BindableQueuePath.Create(System.String)">
            <summary>
            Factory method detecting parameters in supplied queue name pattern and creating 
            an instance of relevant strategy implementing <see cref="T:Microsoft.Azure.WebJobs.Host.Queues.IBindableQueuePath"/>.
            </summary>
            <param name="queueNamePattern">Storage queue name pattern containing optional binding parameters.</param>
            <returns>An object implementing <see cref="T:Microsoft.Azure.WebJobs.Host.Queues.IBindableQueuePath"/></returns>
        </member>
        <member name="M:Microsoft.Azure.WebJobs.Host.Queues.BindableQueuePath.NormalizeAndValidate(System.String)">
            <summary>
            Helper method to normalize and validate resolved queue name.
            </summary>
            <param name="queueName">A storage queue name containing no parameters</param>
            <returns>Normalized (lower-case'd) storage queue name</returns>
            <exception cref="T:System.ArgumentException">If the normalized name is invalid</exception>
        </member>
        <member name="T:Microsoft.Azure.WebJobs.Host.Queues.BoundQueuePath">
            <summary>
            Bindable queue path strategy implementation for "degenerate" bindable patterns, 
            i.e. containing no parameters.
            </summary>
        </member>
        <member name="T:Microsoft.Azure.WebJobs.Host.Queues.ParameterizedQueuePath">
            <summary>
            Implementation of <see cref="T:Microsoft.Azure.WebJobs.Host.Queues.IBindableQueuePath"/> strategy for paths 
            containing one or more parameters.
            </summary>
        </member>
        <member name="P:Microsoft.Azure.WebJobs.Host.Timers.TaskSeriesCommandResult.Wait">
            <summary>
            Wait for this task to complete before calling <see cref="M:Microsoft.Azure.WebJobs.Host.Timers.ITaskSeriesCommand.ExecuteAsync(System.Threading.CancellationToken)"/> again.
            </summary>
        </member>
        <member name="M:Microsoft.Azure.WebJobs.Host.Bindings.BindingDataProvider.FromType(System.Type)">
            <summary>
            Create data binding provider instance out of a custom data type in form of a contract mapping 
            root level public property names to their types using reflection API.
            </summary>
            <param name="type">Custom data type</param>
            <returns>Instance of a binding data contract or null for unsupported types.</returns>
        </member>
        <member name="M:Microsoft.Azure.WebJobs.Host.Bindings.BindingDataProvider.GetBindingData(System.Object)">
            <summary>
            Populate binding data with property values retrieved from given value object matching provided 
            data binding contract.
            </summary>
            <param name="value">A value object</param>
            <returns>Read-only dictionary of property name to value mappings or null if either contract entries or value object are null.</returns>
        </member>
        <member name="M:Microsoft.Azure.WebJobs.Host.Blobs.Bindings.WatchableCloudBlobStream.CompleteAsync(System.Threading.CancellationToken)">
            <summary>Commits the stream as appropriate (when written to or flushed) and finalizes status.</summary>
            <param name="cancellationToken">The token to monitor for cancellation requests.</param>
            <returns>
            A <see cref="T:System.Threading.Tasks.Task"/> that commits the stream as appropriate and finalizes status. The result of the task is
            <see langword="true"/> when the stream was committed (either by this method or previously); otherwise,
            <see langword="false"/>
            </returns>
        </member>
        <member name="M:Microsoft.Azure.WebJobs.Host.Blobs.Bindings.OutStringArgumentBindingProvider.StringArgumentBinding.StringValueBinder.SetValueAsync(System.Object,System.Threading.CancellationToken)">
            <summary>
            Stores content of a string in utf-8 encoded format into the bound CloudBLob.
            </summary>
            <param name="value">string object as retrieved from user's WebJobs method argument.</param>
            <param name="cancellationToken">a cancellation token</param>
            <remarks>As this method handles out string parameter it distinguishes following possible scenarios:
            <list type="bullet">
            <item>
            <description>
            the value is null - no CloudBlob will be created;
            </description>
            </item>
            <item>
            <description>
            the value is an empty string - a CloudBlob with empty content will be created;
            </description>
            </item>
            <item>
            <description>
            the value is a non-empty string - a CloudBlob with content from given string will be created.
            </description>
            </item>
            </list>
            </remarks>
        </member>
        <member name="M:Microsoft.Azure.WebJobs.Host.PropertyHelper.#ctor(System.Reflection.PropertyInfo)">
            <summary>
            Initializes a fast property helper. This constructor does not cache the helper.
            </summary>
        </member>
        <member name="M:Microsoft.Azure.WebJobs.Host.PropertyHelper.MakeFastPropertySetter``1(System.Reflection.PropertyInfo)">
            <summary>
            Creates a single fast property setter. The result is not cached.
            </summary>
            <param name="propertyInfo">propertyInfo to extract the getter for.</param>
            <returns>a fast setter.</returns>
            <remarks>This method is more memory efficient than a dynamically compiled lambda, and about the same speed.</remarks>
        </member>
        <member name="M:Microsoft.Azure.WebJobs.Host.PropertyHelper.GetProperties(System.Object)">
            <summary>
            Creates and caches fast property helpers that expose getters for every public get property on the underlying type.
            </summary>
            <param name="instance">the instance to extract property accessors for.</param>
            <returns>a cached array of all public property getters from the underlying type of this instance.</returns>
        </member>
        <member name="M:Microsoft.Azure.WebJobs.Host.PropertyHelper.MakeFastPropertyGetter(System.Reflection.PropertyInfo)">
            <summary>
            Creates a single fast property getter. The result is not cached.
            </summary>
            <param name="propertyInfo">propertyInfo to extract the getter for.</param>
            <returns>a fast getter.</returns>
            <remarks>This method is more memory efficient than a dynamically compiled lambda, and about the same speed.</remarks>
        </member>
        <member name="M:Microsoft.Azure.WebJobs.Host.HostQueueNames.GetHostBlobTriggerQueueName(System.Guid)">
            <summary>Gets the shared host blob trigger queue name.</summary>
            <param name="hostId">The host ID.</param>
            <returns>The shared host blob trigger queue name.</returns>
        </member>
        <member name="M:Microsoft.Azure.WebJobs.Host.HostQueueNames.GetHostQueueName(System.Guid)">
            <summary>Gets the host instance queue name.</summary>
            <param name="hostId">The host ID.</param>
            <returns>The host instance queue name.</returns>
        </member>
        <member name="M:Microsoft.Azure.WebJobs.Host.Queues.Bindings.CloudQueueMessageArgumentBinding.MessageValueBinder.SetValueAsync(System.Object,System.Threading.CancellationToken)">
            <summary>
            Sends a CloudQueueMessage to the bound queue.
            </summary>
            <param name="value">CloudQueueMessage instance as retrieved from user's WebJobs method argument.</param>
            <param name="cancellationToken">a cancellation token</param>
            <remarks>As this method handles out message instance parameter it distinguishes following possible scenarios:
            <item>
            <description>
            the value is null - no message will be sent;
            </description>
            </item>
            <item>
            <description>
            the value is an instance with empty content - a message with empty content will be sent;
            </description>
            </item>
            <item>
            <description>
            the value is an instance with non-empty content - a message with content from given argument will be sent.
            </description>
            </item>
            </remarks>
        </member>
        <member name="M:Microsoft.Azure.WebJobs.Host.Queues.Bindings.ByteArrayArgumentBinding.ByteArrayValueBinder.SetValueAsync(System.Object,System.Threading.CancellationToken)">
            <summary>
            Creates and sends a CloudQueueMessage with content provided in specified byte array.
            </summary>
            <param name="value">byte array as retrieved from user's WebJobs method argument.</param>
            <param name="cancellationToken">a cancellation token</param>
            <remarks>As this method handles out byte array parameter it distinguishes following possible scenarios:
            <item>
            <description>
            the value is null - no message will be sent;
            </description>
            </item>
            <item>
            <description>
            the value is an empty byte array - a message with empty content will be sent;
            </description>
            </item>
            <item>
            <description>
            the value is a non-empty byte array - a message with content from given argument will be sent.
            </description>
            </item>
            </remarks>
        </member>
        <member name="M:Microsoft.Azure.WebJobs.Host.Queues.Bindings.StringArgumentBinding.StringValueBinder.SetValueAsync(System.Object,System.Threading.CancellationToken)">
            <summary>
            Creates and sends a CloudQueueMessage with content provided in specified string.
            </summary>
            <param name="value">string as retrieved from user's WebJobs method argument.</param>
            <param name="cancellationToken">a cancellation token</param>
            <remarks>As this method handles out string parameter it distinguishes following possible scenarios:
            <item>
            <description>
            the value is null - no message will be sent;
            </description>
            </item>
            <item>
            <description>
            the value is an empty string - a message with empty content will be sent;
            </description>
            </item>
            <item>
            <description>
            the value is a non-empty string - a message with content from given argument will be sent.
            </description>
            </item>
            </remarks>
        </member>
        <member name="T:Microsoft.Azure.WebJobs.INameResolver">
            <summary>Defines a resolver for %name% variables in attribute values.</summary>
        </member>
        <member name="M:Microsoft.Azure.WebJobs.INameResolver.Resolve(System.String)">
            <summary>
            Resolve a %name% to a value. Resolution is not recursive.
            </summary>
            <param name="name">The name to resolve (without the %... %)</param>
            <returns>The value to which the name resolves, if the name is supported; otherwise <see langword="null"/>.</returns>
        </member>
        <member name="T:Microsoft.Azure.WebJobs.Host.NameResolverExtensions">
            <summary>Contains extension methods for INameResolver.</summary>
        </member>
        <member name="M:Microsoft.Azure.WebJobs.Host.NameResolverExtensions.ResolveWholeString(Microsoft.Azure.WebJobs.INameResolver,System.String)">
            <summary>
            Resolve all %% matches within a string.
            </summary>
            <param name="resolver">resolver to apply to each name</param>
            <param name="wholeString">the input string. IE, "start%name1%...%name2%end"</param>
            <returns>The resolved string. IE, "startA...Bend" </returns>
        </member>
        <member name="T:Microsoft.Azure.WebJobs.WebJobsShutdownWatcher">
            <summary>
            Helper class for providing a cancellation token for when this WebJob's shutdown is signaled.
            </summary>
        </member>
        <member name="M:Microsoft.Azure.WebJobs.WebJobsShutdownWatcher.#ctor">
            <summary>
            Begin watching for a shutdown notification from Antares.
            </summary>
        </member>
        <member name="M:Microsoft.Azure.WebJobs.WebJobsShutdownWatcher.Dispose">
            <summary>
            Stop watching for the shutdown notification
            </summary>
        </member>
        <member name="P:Microsoft.Azure.WebJobs.WebJobsShutdownWatcher.Token">
            <summary>
            Get a CancellationToken that is signaled when the shutdown notification is detected.
            </summary>
        </member>
        <member name="T:Microsoft.Azure.WebJobs.JobHostConfiguration">
            <summary>Represents the configuration settings for a <see cref="T:Microsoft.Azure.WebJobs.JobHost"/>.</summary>
        </member>
        <member name="M:Microsoft.Azure.WebJobs.JobHostConfiguration.#ctor">
            <summary>
            Initializes a new instance of the <see cref="T:Microsoft.Azure.WebJobs.JobHostConfiguration"/> class, using a single Microsoft Azure
            Storage connection string for both reading and writing data as well as logging.
            </summary>
        </member>
        <member name="M:Microsoft.Azure.WebJobs.JobHostConfiguration.#ctor(System.String)">
            <summary>
            Initializes a new instance of the <see cref="T:Microsoft.Azure.WebJobs.JobHostConfiguration"/> class, using a single Microsoft Azure
            Storage connection string for both reading and writing data as well as logging.
            </summary>
            <param name="dashboardAndStorageConnectionString">
            The Azure Storage connection string for accessing data and logging.
            </param>
        </member>
        <member name="M:Microsoft.Azure.WebJobs.JobHostConfiguration.GetService(System.Type)">
            <summary>Gets the service object of the specified type.</summary>
            <param name="serviceType">The type of service object to get.</param>
            <returns>
            A service object of the specified type, if one is available; otherwise, <see langword="null"/>.
            </returns>
        </member>
        <member name="P:Microsoft.Azure.WebJobs.JobHostConfiguration.DashboardConnectionString">
            <summary>Gets or sets the Azure Storage connection string used for logging and diagnostics.</summary>
        </member>
        <member name="P:Microsoft.Azure.WebJobs.JobHostConfiguration.StorageConnectionString">
            <summary>Gets or sets the Azure Storage connection string used for reading and writing data.</summary>
        </member>
        <member name="P:Microsoft.Azure.WebJobs.JobHostConfiguration.ServiceBusConnectionString">
            <summary>Gets or sets the Azure Service bus connection string.</summary>
        </member>
        <member name="P:Microsoft.Azure.WebJobs.JobHostConfiguration.TypeLocator">
            <summary>Gets or sets the type locator.</summary>
        </member>
        <member name="P:Microsoft.Azure.WebJobs.JobHostConfiguration.NameResolver">
            <summary>
            Gets or sets the name resolver used during indexing. 
            </summary>
        </member>
        <member name="P:Microsoft.Azure.WebJobs.JobHostConfiguration.Queues">
            <summary>Gets the configuration used by <see cref="T:Microsoft.Azure.WebJobs.QueueTriggerAttribute"/>.</summary>
        </member>
        <member name="M:Microsoft.Azure.WebJobs.Host.Executors.AmbientConnectionStringProvider.GetConnectionString(System.String)">
            <summary>
            Reads a connection string from the connectionStrings configuration section, or from an environment variable
            if it is missing from the configuration file, or is an empty string.
            </summary>
            <param name="connectionStringName">The name of the connection string to look up.</param>
            <returns>The connection string, or <see langword="null"/> if no connection string was found.</returns>
        </member>
        <member name="T:Microsoft.Azure.WebJobs.Host.Executors.IHostIdManager">
            <summary>Defines a manager that maps a shared host name to an ID.</summary>
            <remarks>
            The host GUID serves as an key for lookup purposes, such as for host heartbeats and invocation queues.
            </remarks>
        </member>
        <member name="M:Microsoft.Azure.WebJobs.Host.Executors.DefaultStorageAccountProvider.#ctor">
            <summary>
            Initializes a new instance of the <see cref="T:Microsoft.Azure.WebJobs.JobHostConfiguration"/> class, using a single Microsoft Azure
            Storage connection string for both reading and writing data as well as logging.
            </summary>
        </member>
        <member name="M:Microsoft.Azure.WebJobs.Host.Executors.DefaultStorageAccountProvider.#ctor(System.String)">
            <summary>
            Initializes a new instance of the <see cref="T:Microsoft.Azure.WebJobs.JobHostConfiguration"/> class, using a single Microsoft Azure
            Storage connection string for both reading and writing data as well as logging.
            </summary>
            <param name="dashboardAndStorageConnectionString">
            The Azure Storage connection string for accessing data and logging.
            </param>
        </member>
        <member name="M:Microsoft.Azure.WebJobs.Host.Executors.DefaultStorageAccountProvider.TryParseAndValidateAccount(System.String,Microsoft.WindowsAzure.Storage.CloudStorageAccount@,System.String@)">
            <summary>
            Validate a Microsoft Azure Storage connection string, by parsing it, and placing
            a call to Azure to assert the credentials validity as well.
            </summary>
        </member>
        <member name="P:Microsoft.Azure.WebJobs.Host.Executors.DefaultStorageAccountProvider.DashboardConnectionString">
            <summary>Gets or sets the Azure Storage connection string used for logging and diagnostics.</summary>
        </member>
        <member name="P:Microsoft.Azure.WebJobs.Host.Executors.DefaultStorageAccountProvider.StorageConnectionString">
            <summary>Gets or sets the Azure Storage connection string used for reading and writing data.</summary>
        </member>
        <member name="P:Microsoft.Azure.WebJobs.Host.Executors.DefaultStorageAccountProvider.ServiceBusConnectionString">
            <summary>Gets or sets the Azure Service bus connection string.</summary>
        </member>
        <member name="T:Microsoft.Azure.WebJobs.Host.Timers.TaskSeriesTimer">
            <summary>Represents a timer that executes one task after another in a series.</summary>
        </member>
        <member name="T:Microsoft.Azure.WebJobs.JobHost">
            <summary>
            Defines properties and methods to locate Job methods and listen to trigger events in order
            to execute Job methods.
            </summary>
        </member>
        <member name="M:Microsoft.Azure.WebJobs.JobHost.#ctor">
            <summary>
            Initializes a new instance of the <see cref="T:Microsoft.Azure.WebJobs.JobHost"/> class, using a Microsoft Azure Storage connection
            string located in the connectionStrings section of the configuration file or in environment variables.
            </summary>
        </member>
        <member name="M:Microsoft.Azure.WebJobs.JobHost.#ctor(Microsoft.Azure.WebJobs.JobHostConfiguration)">
            <summary>
            Initializes a new instance of the <see cref="T:Microsoft.Azure.WebJobs.JobHost"/> class using the configuration provided.
            </summary>
            <param name="configuration">The job host configuration.</param>
        </member>
        <member name="M:Microsoft.Azure.WebJobs.JobHost.#ctor(System.IServiceProvider)">
            <summary>
            Initializes a new instance of the <see cref="T:Microsoft.Azure.WebJobs.JobHost"/> class using the service provider provided.
            </summary>
            <param name="serviceProvider">The service provider.</param>
        </member>
        <member name="M:Microsoft.Azure.WebJobs.JobHost.Start">
            <summary>Starts the host.</summary>
        </member>
        <member name="M:Microsoft.Azure.WebJobs.JobHost.StartAsync(System.Threading.CancellationToken)">
            <summary>Starts the host.</summary>
            <param name="cancellationToken">The token to monitor for cancellation requests.</param>
            <returns>A <see cref="T:System.Threading.Tasks.Task"/> that will start the host.</returns>
        </member>
        <member name="M:Microsoft.Azure.WebJobs.JobHost.Stop">
            <summary>Stops the host.</summary>
        </member>
        <member name="M:Microsoft.Azure.WebJobs.JobHost.StopAsync">
            <summary>Stops the host.</summary>
            <returns>A <see cref="T:System.Threading.Tasks.Task"/> that will stop the host.</returns>
        </member>
        <member name="M:Microsoft.Azure.WebJobs.JobHost.RunAndBlock">
            <summary>Runs the host and blocks the current thread while the host remains running.</summary>
        </member>
        <member name="M:Microsoft.Azure.WebJobs.JobHost.Call(System.Reflection.MethodInfo)">
            <summary>Calls a job method.</summary>
            <param name="method">The job method to call.</param>
        </member>
        <member name="M:Microsoft.Azure.WebJobs.JobHost.Call(System.Reflection.MethodInfo,System.Object)">
            <summary>Calls a job method.</summary>
            <param name="method">The job method to call.</param>
            <param name="arguments">
            An object with public properties representing argument names and values to bind to parameters in the job
            method.
            </param>
        </member>
        <member name="M:Microsoft.Azure.WebJobs.JobHost.Call(System.Reflection.MethodInfo,System.Collections.Generic.IDictionary{System.String,System.Object})">
            <summary>Calls a job method.</summary>
            <param name="method">The job method to call.</param>
            <param name="arguments">The argument names and values to bind to parameters in the job method.</param>
        </member>
        <member name="M:Microsoft.Azure.WebJobs.JobHost.CallAsync(System.Reflection.MethodInfo,System.Threading.CancellationToken)">
            <summary>Calls a job method.</summary>
            <param name="method">The job method to call.</param>
            <param name="cancellationToken">The token to monitor for cancellation requests.</param>
            <returns>A <see cref="T:System.Threading.Tasks.Task"/> that will call the job method.</returns>
        </member>
        <member name="M:Microsoft.Azure.WebJobs.JobHost.CallAsync(System.Reflection.MethodInfo,System.Object,System.Threading.CancellationToken)">
            <summary>Calls a job method.</summary>
            <param name="method">The job method to call.</param>
            <param name="arguments">
            An object with public properties representing argument names and values to bind to parameters in the job
            method.
            </param>
            <param name="cancellationToken">The token to monitor for cancellation requests.</param>
            <returns>A <see cref="T:System.Threading.Tasks.Task"/> that will call the job method.</returns>
        </member>
        <member name="M:Microsoft.Azure.WebJobs.JobHost.CallAsync(System.Reflection.MethodInfo,System.Collections.Generic.IDictionary{System.String,System.Object},System.Threading.CancellationToken)">
            <summary>Calls a job method.</summary>
            <param name="method">The job method to call.</param>
            <param name="arguments">The argument names and values to bind to parameters in the job method.</param>
            <param name="cancellationToken">The token to monitor for cancellation requests.</param>
            <returns>A <see cref="T:System.Threading.Tasks.Task"/> that will call the job method.</returns>
        </member>
        <member name="M:Microsoft.Azure.WebJobs.JobHost.Dispose">
            <inheritdoc />
        </member>
        <member name="T:Microsoft.Azure.WebJobs.ITypeLocator">
            <summary>Defines a locator that identifies types that may contain functions for <see cref="T:Microsoft.Azure.WebJobs.JobHost"/> to execute.</summary>
        </member>
        <member name="M:Microsoft.Azure.WebJobs.ITypeLocator.GetTypes">
            <summary>Retrieves types that may contain functions for <see cref="T:Microsoft.Azure.WebJobs.JobHost"/> to execute.</summary>
            <returns>Types that may contain functions for <see cref="T:Microsoft.Azure.WebJobs.JobHost"/> to execute.</returns>
        </member>
        <member name="T:Microsoft.Azure.WebJobs.Host.Queues.QueueCausalityManager">
            <summary>
            Tracks causality via JSON formatted queue message content. 
            Adds an extra field to the JSON object for the parent guid name.
            </summary>
            <remarks>
            Important that this class can interoperate with external queue messages, 
            so be resilient to a missing guid marker. 
            Can we switch to some auxillary table? Beware, CloudQueueMessage. 
            Id is not filled out until after the message is queued, 
            but then there's a race between updating the aux storage and another function picking up the message.
            </remarks>
        </member>
        <member name="M:Microsoft.Azure.WebJobs.Host.Queues.QueueClient.ValidateQueueName(System.String)">
            <summary>
            Ensures that the passed name is a valid queue name.
            If not, an ArgumentException is thrown
            </summary>
            <exception cref="T:System.ArgumentException">If the name is invalid</exception>
            <param name="name">The name to be tested</param>
        </member>
    </members>
</doc>
