<?xml version="1.0"?>
<doc>
    <assembly>
        <name>Radiostr.SpotifyWebApi</name>
    </assembly>
    <members>
        <member name="T:Radiostr.SpotifyWebApi.Cache.RuntimeMemoryCache">
            <summary>
            A Cache service based on <see cref="T:System.Runtime.Caching.ObjectCache"/>
            </summary>
        </member>
        <member name="T:Radiostr.SpotifyWebApi.Cache.ICache">
            <summary>
            Defines a Cache object.
            </summary>
        </member>
        <member name="M:Radiostr.SpotifyWebApi.Cache.ICache.Add(System.String,System.Object,System.DateTime)">
            <summary>
            Adds a value to the Cache.
            </summary>
        </member>
        <member name="M:Radiostr.SpotifyWebApi.Cache.ICache.Get(System.String)">
            <summary>
            Gets a value from the Cache by key.
            </summary>
        </member>
        <member name="M:Radiostr.SpotifyWebApi.Cache.RuntimeMemoryCache.#ctor(System.Runtime.Caching.ObjectCache)">
            <summary>
            Instantiates a new <see cref="T:Radiostr.SpotifyWebApi.Cache.RuntimeMemoryCache"/>
            </summary>
            <param name="objectCache"></param>
        </member>
        <member name="M:Radiostr.SpotifyWebApi.Cache.RuntimeMemoryCache.Add(System.String,System.Object,System.DateTime)">
            <summary>
            Adds a value to the Cache.
            </summary>
        </member>
        <member name="M:Radiostr.SpotifyWebApi.Cache.RuntimeMemoryCache.Get(System.String)">
            <summary>
            Gets a value from the Cache by key.
            </summary>
        </member>
        <member name="T:Radiostr.SpotifyWebApi.ClientCredentialsAuthorizationApi">
            <summary>
            An API wrapper for the Spotify Authorization API, Client Credentials flow.
            </summary>
            <remarks>https://developer.spotify.com/web-api/authorization-guide/#client-credentials-flow</remarks>
        </member>
        <member name="T:Radiostr.SpotifyWebApi.IAuthorizationApi">
            <summary>
            Defines a Spotify Authorisation Token service.
            </summary>
        </member>
        <member name="M:Radiostr.SpotifyWebApi.IAuthorizationApi.GetAccessToken">
            <summary>
            Returns a bearer access token to use for a Request to the Spotify API.
            </summary>
            <returns>A Bearer token as (awaitable) Task of string</returns>
        </member>
        <member name="M:Radiostr.SpotifyWebApi.ClientCredentialsAuthorizationApi.#ctor(Radiostr.SpotifyWebApi.Http.IHttpClient,System.Collections.Specialized.NameValueCollection,Radiostr.SpotifyWebApi.Cache.ICache)">
            <summary>
            Instantiates a new <see cref="T:Radiostr.SpotifyWebApi.ClientCredentialsAuthorizationApi"/> object.
            </summary>
            <param name="httpClient">An instance of <see cref="T:System.Net.Http.HttpClient"/>.</param>
            <param name="settings"></param>
            <param name="cache">An instance of <see cref="T:Radiostr.SpotifyWebApi.Cache.ICache"/> to cache the Bearer token. Null is accepted here but 
            is not recommended and may not always be supported.</param>
        </member>
        <member name="M:Radiostr.SpotifyWebApi.ClientCredentialsAuthorizationApi.GetAccessToken">
            <summary>
            Returns a bearer access token to use for a Request to the Spotify API.
            </summary>
            <returns>A Bearer token as (awaitable) Task of string</returns>
        </member>
        <member name="T:Radiostr.SpotifyWebApi.Http.IHttpClient">
            <summary>
            Defines an asynchronous HTTP Client that is typically used to communicate with a Web API.
            </summary>
            <remarks><seealso cref="T:System.Net.Http.HttpClient"/></remarks>
        </member>
        <member name="M:Radiostr.SpotifyWebApi.Http.IHttpClient.Get(System.String)">
            <summary>
            Makes an HTTP(S) GET request to <seealso cref="!:requestUrl"/> and returns the result as (awaitable Task of) <seealso cref="T:System.String"/>.
            </summary>
            <param name="requestUrl">The entire request URL.</param>
            <returns>An (awaitable Task of) <seealso cref="T:System.String"/> </returns>
        </member>
        <member name="M:Radiostr.SpotifyWebApi.Http.IHttpClient.Get(System.String,System.Net.Http.Headers.AuthenticationHeaderValue)">
            <summary>
            Makes an HTTP(S) GET request to <seealso cref="!:requestUrl"/> and returns the result as (awaitable Task of) <seealso cref="T:System.String"/>.
            </summary>
            <param name="requestUrl">The entire request URL.</param>
            <param name="authenticationHeader"></param>
            <returns>An (awaitable Task of) <seealso cref="T:System.String"/> </returns>
        </member>
        <member name="M:Radiostr.SpotifyWebApi.Http.IHttpClient.Post(System.String,System.String)">
            <summary>
            Makes an HTTP(S) POST request to <seealso cref="!:requestUrl"/> with <seealso cref="!:formData"/> as the request body. Returns the result as (awaitable Task of) <seealso cref="T:System.String"/>.
            </summary>
            <param name="requestUrl">The entire request URL.</param>
            <param name="formData">The URL encoded formData in format "key1=value1&amp;key2=value2"</param>
            <returns>An (awaitable Task of) <seealso cref="T:System.String"/> </returns>
        </member>
        <member name="M:Radiostr.SpotifyWebApi.Http.IHttpClient.Post(System.String,System.String,System.Net.Http.Headers.AuthenticationHeaderValue)">
            <summary>
            Makes an HTTP(S) POST request to <seealso cref="!:requestUrl"/> with <seealso cref="!:formData"/> as the request body. Returns the result as (awaitable Task of) <seealso cref="T:System.String"/>.
            </summary>
            <param name="requestUrl">The entire request URL.</param>
            <param name="formData">The URL encoded formData in format "key1=value1&amp;key2=value2"</param>
            <param name="headerValue">An authentication header for the request.</param>
            <returns>An (awaitable Task of) <seealso cref="T:System.String"/> </returns>
        </member>
        <member name="T:Radiostr.SpotifyWebApi.Http.RestHttpClient">
            <summary>
            An HTTP Client for communicating with the Spotify Web API.
            </summary>
            <remarks>See https://developer.spotify.com/web-api/ </remarks>
        </member>
        <member name="M:Radiostr.SpotifyWebApi.Http.RestHttpClient.#ctor(System.Net.Http.HttpClient)">
            <summary>
            Instantiates a new instance of <see cref="T:Radiostr.SpotifyWebApi.Http.RestHttpClient"/>
            </summary>
        </member>
        <member name="M:Radiostr.SpotifyWebApi.Http.RestHttpClient.Get(System.String)">
            <summary>
            Makes an HTTP(S) GET request to <seealso cref="!:requestUrl"/> and returns the result as (awaitable Task of) <seealso cref="T:System.String"/>.
            </summary>
            <param name="requestUrl">The entire request URL.</param>
            <returns>An (awaitable Task of) <seealso cref="T:System.String"/></returns>
            <remarks>Will Authorise using the values of the SpotifyApiClientId and SpotifyApiClientSecret appSettings. See 
            https://developer.spotify.com/web-api/authorization-guide/#client-credentials-flow </remarks>
        </member>
        <member name="M:Radiostr.SpotifyWebApi.Http.RestHttpClient.Get(System.String,System.Net.Http.Headers.AuthenticationHeaderValue)">
            <summary>
            Makes an HTTP(S) GET request to <seealso cref="!:requestUrl"/> and returns the result as (awaitable Task of) <seealso cref="T:System.String"/>.
            </summary>
            <param name="requestUrl">The entire request URL.</param>
            <param name="authenticationHeader"></param>
            <returns>An (awaitable Task of) <seealso cref="T:System.String"/></returns>
            <remarks>Will Authorise using the values of the SpotifyApiClientId and SpotifyApiClientSecret appSettings. See 
            https://developer.spotify.com/web-api/authorization-guide/#client-credentials-flow </remarks>
        </member>
        <member name="M:Radiostr.SpotifyWebApi.Http.RestHttpClient.Post(System.String,System.String)">
            <summary>
            Makes an HTTP(S) POST request to <seealso cref="!:requestUrl"/> with <seealso cref="!:formData"/> as the request body. Returns the result as (awaitable Task of) <seealso cref="T:System.String"/>.
            </summary>
            <param name="requestUrl">The entire request URL.</param>
            <param name="formData">The URL encoded formData in format "key1=value1&amp;key2=value2"</param>
            <returns>An (awaitable Task of) <seealso cref="T:System.String"/> </returns>
            <remarks>Will Authorise using the values of the SpotifyApiClientId and SpotifyApiClientSecret appSettings. See 
            https://developer.spotify.com/web-api/authorization-guide/#client-credentials-flow </remarks>
        </member>
        <member name="M:Radiostr.SpotifyWebApi.Http.RestHttpClient.Post(System.String,System.String,System.Net.Http.Headers.AuthenticationHeaderValue)">
            <summary>
            Makes an HTTP(S) POST request to <seealso cref="!:requestUrl"/> with <seealso cref="!:formData"/> as the request body. Returns the result as (awaitable Task of) <seealso cref="T:System.String"/>.
            </summary>
            <param name="requestUrl">The entire request URL.</param>
            <param name="formData">The URL encoded formData in format "key1=value1&amp;key2=value2"</param>
            <param name="headerValue">An authentication header for the request.</param>
            <returns>An (awaitable Task of) <seealso cref="T:System.String"/> </returns>
            <remarks>Will Authorise using the values of the SpotifyApiClientId and SpotifyApiClientSecret appSettings. See 
            https://developer.spotify.com/web-api/authorization-guide/#client-credentials-flow </remarks>
        </member>
        <member name="T:Radiostr.SpotifyWebApi.IPlaylistsApi">
            <summary>
            Defines a wrapper for the Spotify Web Playlists API.
            </summary>
        </member>
        <member name="M:Radiostr.SpotifyWebApi.IPlaylistsApi.GetPlaylists(System.String)">
            <summary>
            Get a list of a user's playlists.
            </summary>
            <returns>The JSON result deserialized to object (as dynamic).</returns>
        </member>
        <member name="M:Radiostr.SpotifyWebApi.IPlaylistsApi.GetPlaylists``1(System.String)">
            <summary>
            Get a list of a user's playlists.
            </summary>
            <returns>The JSON result deserialized to <see cref="!:T"/>.</returns>
        </member>
        <member name="T:Radiostr.SpotifyWebApi.PlaylistsApi">
            <summary>
            An API Wrapper for the Spotify Web API Playlists endpoints.
            </summary>
        </member>
        <member name="M:Radiostr.SpotifyWebApi.PlaylistsApi.GetPlaylists(System.String)">
            <summary>
            Get a list of a user's playlists.
            </summary>
            <returns>The JSON result deserialized to object (as dynamic).</returns>
        </member>
        <member name="M:Radiostr.SpotifyWebApi.PlaylistsApi.GetPlaylists``1(System.String)">
            <summary>
            Get a list of a user's playlists.
            </summary>
            <returns>The JSON result deserialized to <see cref="!:T"/>.</returns>
        </member>
        <member name="M:Radiostr.SpotifyWebApi.PlaylistsApi.GetTracks``1(System.String,System.String)">
            <summary>
            Get full details of the tracks of a playlist owned by a Spotify user.
            </summary>
            <typeparam name="T"></typeparam>
            <param name="username">The user's Spotify user ID.</param>
            <param name="playlistId">The Spotify ID for the playlist.</param>
            <returns></returns>
        </member>
    </members>
</doc>
