<?xml version="1.0"?>
<doc>
    <assembly>
        <name>Scale.Storage</name>
    </assembly>
    <members>
        <member name="T:Scale.Storage.AzureStorage">
            <summary>
            Azure Storage base class.
            </summary>
        </member>
        <member name="M:Scale.Storage.AzureStorage.#ctor(System.Collections.Specialized.NameValueCollection)">
            <summary>
            Instantiates a new <see cref="T:Scale.Storage.Queue.AzureQueueStorage"/> service.
            </summary>
        </member>
        <member name="T:Scale.Storage.Queue.AzureQueueMessage">
            <summary>
            An Abstraction of an Azure CloudQueueMessage that inherits from <see cref="T:Scale.Storage.Queue.QueueMessage"/> 
            </summary>
        </member>
        <member name="T:Scale.Storage.Queue.QueueMessage">
            <summary>
            A Queue Message model object.
            </summary>
        </member>
        <member name="F:Scale.Storage.Queue.QueueMessage.Data">
            <summary>
            The Data entity to include in the message the Message.
            </summary>
        </member>
        <member name="M:Scale.Storage.Queue.QueueMessage.#ctor(System.String,System.Object)">
            <summary>
            This constructor is used when adding a message to the queue.
            </summary>
            <param name="queueName">The queue name.</param>
            <param name="data">An object to serialise into the data of the message.</param>
        </member>
        <member name="M:Scale.Storage.Queue.QueueMessage.#ctor(System.String,System.String)">
            <summary>
            This constructor is used when getting a message from the queue.
            </summary>
            <param name="queueName">The queue name.</param>
            <param name="message">The raw message as string.</param>
        </member>
        <member name="M:Scale.Storage.Queue.QueueMessage.SetFailMessage(System.String)">
            <summary>
            Sets failure metadata on the message.
            </summary>
        </member>
        <member name="M:Scale.Storage.Queue.QueueMessage.GetQueueName">
            <summary>
            Gets the Queue Name
            </summary>
        </member>
        <member name="M:Scale.Storage.Queue.QueueMessage.GetMessageAsString">
            <summary>
            Gets the entire raw message (including data) as string.
            </summary>
            <returns></returns>
        </member>
        <member name="M:Scale.Storage.Queue.AzureQueueMessage.#ctor(System.String,Microsoft.WindowsAzure.Storage.Queue.CloudQueueMessage)">
            <summary>
            Instantiates a new <see cref="T:Scale.Storage.Queue.AzureQueueMessage"/> with an Azure <see cref="T:Microsoft.WindowsAzure.Storage.Queue.CloudQueueMessage"/>.
            </summary>
        </member>
        <member name="M:Scale.Storage.Queue.AzureQueueMessage.GetMessage">
            <summary>
            Returns the underlying <see cref="T:Microsoft.WindowsAzure.Storage.Queue.CloudQueueMessage"/>
            </summary>
            <returns></returns>
        </member>
        <member name="T:Scale.Storage.Queue.Extensions.QueueMessageExtensions">
            <summary>
            Extensions methods for <see cref="T:Scale.Storage.Queue.QueueMessage"/>
            </summary>
        </member>
        <member name="M:Scale.Storage.Queue.Extensions.QueueMessageExtensions.GetModel``1(Scale.Storage.Queue.QueueMessage)">
            <summary>
            Deserialises the Data of the message to a model T.
            </summary>
        </member>
        <member name="T:Scale.Storage.Queue.IQueueStorage">
            <summary>
            Defines a Queue Storage object
            </summary>
        </member>
        <member name="M:Scale.Storage.Queue.IQueueStorage.CreateQueues(System.String[])">
            <summary>
            Creates queues if they don't already exist.
            </summary>
            <param name="queueNames">An array of queue names to try and create.</param>
        </member>
        <member name="M:Scale.Storage.Queue.IQueueStorage.AddMessage(Scale.Storage.Queue.QueueMessage)">
            <summary>
            Adds a (string) message to the queue.
            </summary>
        </member>
        <member name="M:Scale.Storage.Queue.IQueueStorage.GetMessage(System.String)">
            <summary>
            De-queues a message, making it temporarily invisible to other Queue clients.
            </summary>
            <remarks>Delete the message using <see cref="M:Scale.Storage.Queue.IQueueStorage.DeleteMessage(Scale.Storage.Queue.QueueMessage)"/> when finished processing. If the message is not deleted for any reason it will become 
            visible to queue clients again after a set period of time.</remarks>
        </member>
        <member name="M:Scale.Storage.Queue.IQueueStorage.GetMessages(System.String,System.Int32)">
            <summary>
            De-queues (messageCount) messages, making them temporarily invisible to other Queue clients.
            </summary>
            <remarks>Delete messages using <see cref="M:Scale.Storage.Queue.IQueueStorage.DeleteMessage(Scale.Storage.Queue.QueueMessage)"/> when finished processing. If a message is not deleted for any reason it will become 
            visible to queue clients again after a set period of time.</remarks>
        </member>
        <member name="M:Scale.Storage.Queue.IQueueStorage.UpdateMessage(Scale.Storage.Queue.QueueMessage)">
            <summary>
            Updates a message on the Queue.
            </summary>
            <param name="message">A valid and current QueueMessage.</param>
        </member>
        <member name="M:Scale.Storage.Queue.IQueueStorage.DeleteMessage(Scale.Storage.Queue.QueueMessage)">
            <summary>
            Deletes the message from the Queue.
            </summary>
        </member>
        <member name="T:Scale.Storage.Queue.AzureQueueStorage">
            <summary>
            A Queue Storage service based on Azure Queue Storage.
            </summary>
        </member>
        <member name="M:Scale.Storage.Queue.AzureQueueStorage.#ctor(System.Collections.Specialized.NameValueCollection)">
            <summary>
            Instantiates a new <see cref="T:Scale.Storage.Queue.AzureQueueStorage"/> service.
            </summary>
        </member>
        <member name="M:Scale.Storage.Queue.AzureQueueStorage.CreateQueues(System.String[])">
            <summary>
            Creates queues if they don't already exist.
            </summary>
            <param name="queueNames">An array of queue names to try and create.</param>
        </member>
        <member name="M:Scale.Storage.Queue.AzureQueueStorage.AddMessage(Scale.Storage.Queue.QueueMessage)">
            <summary>
            Adds a (string) message to the queue.
            </summary>
        </member>
        <member name="M:Scale.Storage.Queue.AzureQueueStorage.GetMessage(System.String)">
            <summary>
            De-queues a message, making it temporarily invisible to other Queue clients.
            </summary>
            <remarks>Delete the message using <see cref="M:Scale.Storage.Queue.AzureQueueStorage.DeleteMessage(Scale.Storage.Queue.QueueMessage)"/> when finished processing. If the message is not deleted for any reason it will become 
            visible to queue clients again after a set period of time.</remarks>
        </member>
        <member name="M:Scale.Storage.Queue.AzureQueueStorage.GetMessages(System.String,System.Int32)">
            <summary>
            De-queues (messageCount) messages, making them temporarily invisible to other Queue clients.
            </summary>
            <remarks>Delete the message using <see cref="M:Scale.Storage.Queue.AzureQueueStorage.DeleteMessage(Scale.Storage.Queue.QueueMessage)"/> when finished processing. If the message is not deleted for any reason it will become 
            visible to queue clients again after a set period of time.</remarks>
        </member>
        <member name="M:Scale.Storage.Queue.AzureQueueStorage.DeleteMessage(Scale.Storage.Queue.QueueMessage)">
            <summary>
            Deletes the message from the Queue.
            </summary>
            <seealso cref="M:Scale.Storage.Queue.AzureQueueStorage.GetMessage(System.String)"/>
        </member>
        <member name="M:Scale.Storage.Queue.AzureQueueStorage.GetStorage(System.Collections.Specialized.NameValueCollection)">
            <summary>
            Gets an instance of <see cref="T:Scale.Storage.Queue.AzureQueueStorage"/>
            </summary>
        </member>
        <member name="T:Scale.Storage.Queue.QueueNames">
            <summary>
            Names of Queues used in Radiostr.
            </summary>
        </member>
        <member name="F:Scale.Storage.Queue.QueueNames.ImportPlaylist">
            <summary>
            Playlist import queue.
            </summary>
        </member>
        <member name="F:Scale.Storage.Queue.QueueNames.SelectSchedule">
            <summary>
            Generate playlist queue.
            </summary>
        </member>
        <member name="T:Scale.Storage.Table.AzureTableStorage">
            <summary>
            An Azure Table Storage service class.
            </summary>
        </member>
        <member name="T:Scale.Storage.Table.ITableStorage">
            <summary>
            Defines a Table Storage service class.
            </summary>
        </member>
        <member name="M:Scale.Storage.Table.ITableStorage.CreateTables(System.String[])">
            <summary>
            Creates tables for tableNames if they don't already exist.
            </summary>
        </member>
        <member name="M:Scale.Storage.Table.ITableStorage.Insert(System.String,Microsoft.WindowsAzure.Storage.Table.TableEntity)">
            <summary>
            Inserts entity into tableName.
            </summary>
        </member>
        <member name="M:Scale.Storage.Table.ITableStorage.Insert(System.String,Microsoft.WindowsAzure.Storage.Table.TableEntity[])">
            <summary>
            Inserts entities into tableName.
            </summary>
        </member>
        <member name="M:Scale.Storage.Table.ITableStorage.Retrieve``1(System.String,System.String,System.String)">
            <summary>
            Retrieves an entity of T for a given table, partitionKey and rowKey. T can be any <see cref="T:Microsoft.WindowsAzure.Storage.Table.TableEntity"/>
            </summary>
        </member>
        <member name="M:Scale.Storage.Table.AzureTableStorage.CreateTables(System.String[])">
            <summary>
            Creates tables for tableNames if they don't already exist.
            </summary>
        </member>
        <member name="M:Scale.Storage.Table.AzureTableStorage.Insert(System.String,Microsoft.WindowsAzure.Storage.Table.TableEntity)">
            <summary>
            Inserts entity into tableName.
            </summary>
        </member>
        <member name="M:Scale.Storage.Table.AzureTableStorage.Insert(System.String,Microsoft.WindowsAzure.Storage.Table.TableEntity[])">
            <summary>
            Inserts entities into tableName.
            </summary>
        </member>
        <member name="M:Scale.Storage.Table.AzureTableStorage.Retrieve``1(System.String,System.String,System.String)">
            <summary>
            Retrieves an entity of T for a given table, partitionKey and rowKey. T can be any <see cref="T:Microsoft.WindowsAzure.Storage.Table.TableEntity"/>
            </summary>
        </member>
        <member name="M:Scale.Storage.Table.AzureTableStorage.GetTableStorage(System.Collections.Specialized.NameValueCollection)">
            <summary>
            Gets an instance of an <see cref="T:Scale.Storage.Table.AzureTableStorage"/>.
            </summary>
            <param name="settings">A <see cref="T:System.Collections.Specialized.NameValueCollection"/> of settings for the application. <see cref="T:Scale.Storage.Table.AzureTableStorage"/> expects
             a value for the key "StorageConnectionString" to be present.</param>
        </member>
    </members>
</doc>
